レシート番号,支店,性別,年代,曜日,日付,時刻,時間帯,金額,購入商品
R0001,中央区,女性,30代,金,2024/10/10,12:53,昼,1428,野菜ジュース 栄養ドリンク ヨーグルト フルーツ
R0002,中央区,女性,10代,金,2024/09/25,15:55,昼,556,肉まん カップ麺
R0003,中央区,男性,30代,土,2024/11/10,14:17,昼,334,サラダ 野菜ジュース
R0004,中央区,女性,40代,日,2024/01/26,07:24,朝,463,おにぎり パン
R0005,中央区,女性,20代,火,2024/11/08,10:51,朝,605,冷凍食品 カップ麺 コーヒー
R0006,中央区,男性,10代,月,2024/12/19,07:40,朝,660,おにぎり 卵 パン トイレットペーパー
R0007,中央区,女性,60代以上,土,2024/01/18,18:03,夜,558,フルーツ ヨーグルト サラダ 野菜ジュース
R0008,中央区,男性,10代,日,2024/05/27,14:12,昼,923,フルーツ ヨーグルト 野菜ジュース
R0009,中央区,男性,60代以上,金,2024/08/21,15:57,昼,198,フルーツ
R0010,中央区,女性,30代,水,2024/10/05,13:05,昼,268,お茶
R0011,中央区,男性,20代,月,2024/10/23,22:05,夜,604,コーヒー お茶
R0012,中央区,男性,40代,日,2024/08/05,12:32,昼,658,栄養ドリンク 野菜ジュース サラダ
R0013,中央区,男性,40代,日,2024/01/28,11:46,昼,1021,お茶 ジュース コーヒー サンドイッチ ポテトチップス
R0014,中央区,男性,50代,水,2024/08/22,16:00,昼,1200,おにぎり 卵 牛乳 パン
R0015,中央区,女性,60代以上,水,2024/01/08,09:28,朝,590,卵 パン
R0016,中央区,女性,40代,月,2024/07/04,14:53,昼,733,サラダ 野菜ジュース フルーツ ヨーグルト
R0017,中央区,女性,30代,月,2024/09/05,21:29,夜,1019,ヨーグルト 野菜ジュース チョコレート
R0018,中央区,女性,10代,月,2024/10/02,11:31,昼,295,ジュース
R0019,中央区,男性,20代,火,2024/01/23,22:09,夜,857,栄養ドリンク サラダ フルーツ ヨーグルト
R0020,中央区,男性,10代,水,2024/09/04,19:21,夜,876,ティッシュ 洗剤 シャンプー トイレットペーパー
R0021,中央区,男性,20代,火,2024/01/24,22:31,夜,869,おにぎり トイレットペーパー
R0022,中央区,女性,40代,土,2024/12/31,07:32,朝,322,ヨーグルト
R0023,中央区,男性,10代,木,2024/05/27,22:58,夜,724,サンドイッチ お茶
R0024,中央区,女性,50代,月,2024/05/18,18:39,夜,905,コーヒー お茶 おにぎり
R0025,中央区,男性,40代,土,2024/04/06,07:16,朝,550,パン 牛乳 コーヒー
R0026,中央区,男性,30代,火,2024/02/08,13:25,昼,1005,お茶 ジュース コーヒー
R0027,中央区,女性,40代,月,2024/12/28,20:37,夜,150,パン
R0028,中央区,女性,50代,水,2024/06/20,10:30,朝,982,おにぎり パン 牛乳
R0029,中央区,男性,20代,月,2024/07/01,13:01,昼,1001,おにぎり パン 卵 牛乳
R0030,中央区,男性,60代以上,金,2024/12/27,18:04,夜,1081,パン 卵 牛乳
R0031,中央区,男性,40代,木,2024/07/14,09:31,朝,319,フルーツ
R0032,中央区,男性,20代,火,2024/03/02,07:40,朝,1118,栄養ドリンク サラダ ティッシュ
R0033,中央区,男性,50代,火,2024/04/11,07:48,朝,851,野菜ジュース 栄養ドリンク ヨーグルト フルーツ ガム
R0034,中央区,男性,40代,月,2024/12/14,15:59,昼,501,フルーツ サラダ ヨーグルト
R0035,中央区,男性,30代,土,2024/02/26,16:26,昼,626,お茶 ティッシュ
R0036,中央区,男性,20代,水,2024/07/30,20:22,夜,962,卵 おにぎり 牛乳 パン 歯ブラシ
R0037,中央区,女性,40代,土,2024/03/18,18:15,夜,673,おにぎり パン
R0038,中央区,女性,50代,月,2024/03/30,16:43,昼,766,栄養ドリンク 野菜ジュース サラダ
R0039,中央区,男性,30代,木,2024/08/03,12:37,昼,1305,牛乳 卵 おにぎり パン
R0040,中央区,女性,20代,月,2024/01/28,11:38,昼,521,パン おにぎり
R0041,中央区,男性,50代,金,2024/02/27,08:21,朝,1525,ジュース お茶 コーヒー サンドイッチ 卵
R0042,中央区,男性,20代,日,2024/12/04,09:19,朝,1243,牛乳 パン おにぎり
R0043,中央区,女性,30代,土,2024/12/12,22:03,夜,1440,コーヒー お茶 ジュース サンドイッチ
R0044,中央区,女性,40代,木,2024/04/25,17:09,夜,1348,サンドイッチ お茶 コーヒー ジュース
R0045,中央区,女性,50代,木,2024/07/15,11:50,昼,1201,おにぎり 牛乳 チョコレート
R0046,中央区,男性,60代以上,金,2024/05/03,20:45,夜,1454,シャンプー ティッシュ トイレットペーパー 歯ブラシ チョコレート
R0047,中央区,女性,10代,木,2024/07/18,09:46,朝,391,おにぎり
R0048,中央区,男性,20代,水,2024/06/13,15:56,昼,1158,缶コーヒー 冷凍食品 カップ麺
R0049,中央区,男性,10代,金,2024/01/01,22:35,夜,314,洗剤
R0050,中央区,女性,50代,日,2024/03/31,12:45,昼,1611,ヨーグルト 栄養ドリンク サラダ フルーツ
R0051,中央区,男性,30代,土,2024/06/07,18:18,夜,719,お茶 サンドイッチ
R0052,中央区,女性,40代,月,2024/08/20,18:33,夜,1206,ヨーグルト 野菜ジュース サラダ 栄養ドリンク
R0053,中央区,男性,10代,木,2024/03/09,21:31,夜,1009,サラダ ヨーグルト お茶
R0054,中央区,男性,50代,火,2024/12/11,12:57,昼,1118,サンドイッチ お茶 コーヒー ジュース
R0055,中央区,女性,40代,水,2024/03/28,18:16,夜,1188,おにぎり 牛乳 卵
R0056,中央区,男性,50代,木,2024/08/11,17:30,夜,361,お茶
R0057,中央区,女性,30代,火,2024/09/03,09:22,朝,865,牛乳 パン おにぎり 卵
R0058,中央区,女性,50代,日,2024/12/30,19:26,夜,1274,牛乳 おにぎり 卵 野菜ジュース
R0059,中央区,女性,30代,木,2024/09/07,20:53,夜,2009,フルーツ 野菜ジュース 栄養ドリンク ヨーグルト 缶コーヒー
R0060,中央区,男性,30代,日,2024/08/16,15:44,昼,943,フルーツ 野菜ジュース サラダ
R0061,中央区,女性,10代,月,2024/12/29,18:36,夜,717,野菜ジュース ヨーグルト フルーツ
R0062,中央区,男性,30代,日,2024/07/01,08:50,朝,696,おにぎり 牛乳
R0063,中央区,女性,50代,土,2024/01/31,09:25,朝,424,おにぎり
R0064,中央区,男性,20代,火,2024/08/14,07:56,朝,458,フルーツ
R0065,中央区,男性,30代,木,2024/11/02,22:23,夜,666,サンドイッチ コーヒー ジュース サラダ
R0066,中央区,女性,10代,木,2024/10/31,11:08,昼,346,トイレットペーパー 洗剤
R0067,中央区,男性,60代以上,火,2024/07/09,09:36,朝,1219,ヨーグルト 野菜ジュース 栄養ドリンク フルーツ
R0068,中央区,女性,30代,日,2024/10/12,10:02,朝,793,コーヒー サンドイッチ カップ麺
R0069,中央区,男性,50代,月,2024/01/02,08:13,朝,864,サンドイッチ コーヒー お茶
R0070,中央区,男性,40代,土,2024/11/04,17:21,夜,549,栄養ドリンク ヨーグルト
R0071,中央区,男性,50代,日,2024/12/05,19:06,夜,1540,サラダ フルーツ 栄養ドリンク 卵
R0072,中央区,男性,40代,金,2024/05/27,09:08,朝,1173,ヨーグルト 栄養ドリンク 野菜ジュース
R0073,中央区,男性,20代,木,2024/12/11,10:19,朝,411,トイレットペーパー 歯ブラシ
R0074,中央区,女性,10代,水,2024/05/06,08:05,朝,858,お茶 ジュース コーヒー ティッシュ
R0075,中央区,女性,10代,火,2024/07/04,19:52,夜,400,卵
R0076,中央区,女性,10代,水,2024/01/23,21:45,夜,1644,ヨーグルト 野菜ジュース 栄養ドリンク フルーツ アイス
R0077,中央区,男性,20代,月,2024/09/23,15:10,昼,160,サラダ
R0078,中央区,男性,60代以上,日,2024/05/03,20:06,夜,1068,トイレットペーパー 洗剤 お茶
R0079,中央区,男性,40代,火,2024/07/17,21:21,夜,663,サンドイッチ お茶
R0080,中央区,男性,30代,水,2024/05/18,18:11,夜,1267,おにぎり パン 牛乳 卵
R0081,中央区,女性,50代,火,2024/12/16,07:11,朝,237,栄養ドリンク
R0082,中央区,女性,50代,日,2024/10/26,16:14,昼,731,サラダ 栄養ドリンク
R0083,中央区,男性,20代,木,2024/09/17,08:23,朝,641,サンドイッチ コーヒー
R0084,中央区,男性,20代,火,2024/08/13,14:53,昼,534,お茶 コーヒー
R0085,中央区,男性,10代,木,2024/08/22,21:58,夜,400,栄養ドリンク ティッシュ
R0086,中央区,男性,20代,火,2024/04/19,19:51,夜,591,フルーツ 冷凍食品
R0087,中央区,女性,40代,土,2024/08/12,10:06,朝,621,おにぎり シャンプー
R0088,中央区,男性,20代,土,2024/09/11,22:16,夜,1286,パン おにぎり 卵 牛乳
R0089,中央区,男性,10代,火,2024/01/27,20:48,夜,1974,フルーツ 栄養ドリンク サラダ 野菜ジュース 歯ブラシ
R0090,中央区,女性,50代,火,2024/06/26,19:31,夜,709,ジュース サンドイッチ シャンプー
R0091,中央区,女性,60代以上,水,2024/10/02,17:01,夜,602,サンドイッチ コーヒー お茶 ジュース
R0092,中央区,女性,60代以上,金,2024/05/21,15:27,昼,1455,フルーツ サラダ 野菜ジュース 栄養ドリンク
R0093,中央区,男性,20代,木,2024/12/27,18:38,夜,228,卵
R0094,中央区,女性,10代,金,2024/02/10,09:23,朝,1343,歯ブラシ シャンプー ティッシュ 洗剤
R0095,中央区,女性,60代以上,木,2024/07/10,19:52,夜,685,サラダ 栄養ドリンク フルーツ
R0096,中央区,男性,50代,土,2024/08/30,20:26,夜,1137,サラダ フルーツ 栄養ドリンク ヨーグルト ジュース
R0097,中央区,女性,20代,月,2024/06/15,16:17,昼,462,フルーツ
R0098,中央区,女性,30代,木,2024/03/29,07:48,朝,310,牛乳
R0099,中央区,女性,60代以上,日,2024/12/30,13:14,昼,375,野菜ジュース ヨーグルト
R0100,中央区,男性,20代,月,2024/10/14,21:29,夜,662,サラダ フルーツ 栄養ドリンク チョコレート
R0101,中央区,女性,30代,水,2024/10/04,13:24,昼,1250,おにぎり パン 牛乳
R0102,中央区,男性,50代,火,2024/10/01,08:34,朝,255,お茶
R0103,中央区,男性,60代以上,火,2024/11/28,16:54,昼,763,栄養ドリンク フルーツ
R0104,中央区,男性,40代,金,2024/07/21,12:05,昼,542,フルーツ 野菜ジュース
R0105,中央区,女性,20代,月,2024/09/08,07:43,朝,1508,おにぎり パン 牛乳 卵 ポテトチップス
R0106,中央区,男性,20代,月,2024/08/11,20:52,夜,270,おにぎり 歯ブラシ
R0107,中央区,女性,60代以上,金,2024/12/12,09:45,朝,770,おにぎり パン
R0108,中央区,男性,10代,月,2024/04/09,19:30,夜,412,牛乳
R0109,中央区,男性,30代,月,2024/03/04,20:01,夜,340,栄養ドリンク ティッシュ
R0110,中央区,男性,10代,日,2024/11/04,17:56,夜,1959,パン 卵 おにぎり 牛乳 サラダ
R0111,中央区,女性,30代,水,2024/01/07,17:53,夜,885,卵 パン 牛乳 おにぎり
R0112,中央区,女性,20代,火,2024/03/26,14:30,昼,394,栄養ドリンク ヨーグルト
R0113,中央区,女性,30代,水,2024/05/04,22:04,夜,662,野菜ジュース 牛乳
R0114,中央区,男性,30代,水,2024/03/14,18:15,夜,732,コーヒー サンドイッチ お茶 ジュース
R0115,中央区,女性,50代,水,2024/02/14,13:24,昼,245,ヨーグルト
R0116,中央区,女性,50代,火,2024/09/20,18:16,夜,780,サンドイッチ コーヒー
R0117,中央区,男性,50代,土,2024/06/27,18:02,夜,1083,卵 牛乳 おにぎり ジュース
R0118,中央区,男性,40代,月,2024/02/20,20:12,夜,1108,サラダ ヨーグルト 野菜ジュース
R0119,中央区,男性,10代,土,2024/05/13,10:35,朝,394,ティッシュ サラダ
R0120,中央区,女性,50代,土,2024/11/13,15:32,昼,393,フルーツ
R0121,中央区,女性,50代,月,2024/12/24,17:30,夜,598,牛乳 フルーツ
R0122,中央区,女性,30代,火,2024/05/21,22:23,夜,1282,コーヒー サンドイッチ お茶 ジュース パン
R0123,中央区,男性,20代,月,2024/09/23,07:39,朝,881,ジュース コーヒー お茶
R0124,中央区,女性,40代,金,2024/01/29,12:03,昼,733,サンドイッチ ジュース
R0125,中央区,女性,10代,月,2024/07/18,18:13,夜,753,ジュース サンドイッチ コーヒー
R0126,中央区,女性,40代,日,2024/07/24,19:33,夜,1335,アイス ポテトチップス キャンディ ガム
R0127,中央区,女性,40代,金,2024/11/17,11:14,昼,284,牛乳
R0128,中央区,男性,30代,日,2024/02/01,08:16,朝,655,栄養ドリンク サラダ ヨーグルト
R0129,中央区,男性,60代以上,月,2024/07/17,16:36,昼,394,サラダ
R0130,中央区,男性,50代,火,2024/02/02,11:31,昼,835,おにぎり 牛乳 卵 パン チョコレート
R0131,中央区,男性,20代,火,2024/07/04,12:22,昼,782,栄養ドリンク サラダ フルーツ
R0132,中央区,男性,20代,月,2024/07/19,10:03,朝,242,フルーツ
R0133,中央区,女性,30代,日,2024/07/02,13:50,昼,284,シャンプー 歯ブラシ
R0134,中央区,男性,60代以上,土,2024/12/07,14:22,昼,1189,パン おにぎり 卵 牛乳 お茶
R0135,中央区,女性,50代,金,2024/04/25,22:28,夜,601,コーヒー お茶 チョコレート
R0136,中央区,男性,50代,火,2024/10/12,19:41,夜,1150,野菜ジュース 栄養ドリンク ヨーグルト
R0137,中央区,男性,20代,水,2024/04/03,19:30,夜,1412,おにぎり パン 卵 牛乳 コーヒー
R0138,中央区,男性,10代,火,2024/06/22,10:22,朝,1098,卵 おにぎり パン
R0139,中央区,男性,60代以上,日,2024/10/14,21:08,夜,578,パン 牛乳 卵
R0140,中央区,女性,50代,水,2024/12/30,14:39,昼,815,パン 牛乳 卵 おにぎり
R0141,中央区,男性,20代,水,2024/11/17,22:17,夜,764,卵 牛乳 おにぎり ヨーグルト
R0142,中央区,女性,20代,月,2024/10/04,08:55,朝,236,お茶
R0143,中央区,男性,20代,水,2024/06/21,10:00,朝,661,牛乳 卵
R0144,中央区,女性,60代以上,火,2024/09/16,16:27,昼,177,ジュース
R0145,中央区,男性,40代,火,2024/05/19,20:28,夜,747,洗剤 コーヒー
R0146,中央区,女性,60代以上,日,2024/04/18,19:41,夜,348,お茶
R0147,中央区,男性,40代,土,2024/03/02,18:15,夜,790,野菜ジュース ヨーグルト サラダ
R0148,中央区,男性,10代,木,2024/04/02,16:56,昼,507,サンドイッチ 歯ブラシ
R0149,中央区,女性,10代,火,2024/12/16,21:12,夜,751,パン トイレットペーパー
R0150,中央区,女性,20代,金,2024/08/06,12:19,昼,1220,ジュース サンドイッチ 缶コーヒー
R0151,中央区,女性,30代,火,2024/01/05,22:35,夜,1050,おにぎり 卵 パン 牛乳
R0152,中央区,男性,20代,金,2024/01/14,09:47,朝,1063,歯ブラシ トイレットペーパー カップ麺
R0153,中央区,女性,20代,木,2024/06/28,22:16,夜,274,パン
R0154,中央区,男性,20代,土,2024/04/13,13:25,昼,750,お茶 コーヒー
R0155,中央区,女性,40代,日,2024/06/13,14:22,昼,1214,サンドイッチ コーヒー お茶
R0156,中央区,男性,60代以上,土,2024/06/27,07:16,朝,500,歯ブラシ 洗剤
R0157,中央区,女性,20代,金,2024/09/22,22:45,夜,706,卵 おにぎり 牛乳 パン
R0158,中央区,女性,40代,土,2024/04/13,20:34,夜,223,おにぎり
R0159,中央区,男性,20代,月,2024/08/27,15:03,昼,1389,牛乳 おにぎり パン 卵 シャンプー
R0160,中央区,女性,10代,水,2024/07/08,21:52,夜,911,おにぎり パン 歯ブラシ
R0161,中央区,女性,20代,月,2024/03/26,16:13,昼,482,ヨーグルト サラダ
R0162,中央区,女性,20代,木,2024/09/02,14:35,昼,1802,フルーツ サラダ ヨーグルト 野菜ジュース カップ麺
R0163,中央区,女性,20代,火,2024/06/05,18:29,夜,1297,お茶 ジュース サンドイッチ ヨーグルト
R0164,中央区,女性,40代,金,2024/10/30,18:33,夜,1158,おにぎり 牛乳 パン
R0165,中央区,男性,10代,土,2024/09/19,18:17,夜,1712,フルーツ 栄養ドリンク サラダ ヨーグルト キャンディ
R0166,中央区,女性,30代,土,2024/06/15,08:39,朝,1928,フルーツ ヨーグルト 栄養ドリンク サラダ チョコレート
R0167,中央区,男性,40代,月,2024/12/03,21:02,夜,1199,卵 パン おにぎり 牛乳
R0168,中央区,女性,50代,日,2024/05/07,22:52,夜,703,栄養ドリンク ヨーグルト
R0169,中央区,男性,30代,土,2024/11/14,15:18,昼,1376,サンドイッチ お茶 ジュース ヨーグルト
R0170,中央区,女性,30代,月,2024/05/08,16:21,昼,245,サラダ
R0171,中央区,女性,20代,火,2024/07/04,13:36,昼,1511,ジュース サンドイッチ コーヒー 卵
R0172,中央区,女性,60代以上,日,2024/12/12,11:14,昼,920,牛乳 おにぎり 卵
R0173,中央区,女性,10代,火,2024/08/27,13:51,昼,316,フルーツ
R0174,中央区,男性,50代,水,2024/06/03,13:57,昼,1077,ヨーグルト 栄養ドリンク サラダ
R0175,中央区,女性,10代,金,2024/08/28,11:16,昼,744,ポテトチップス チョコレート 炭酸飲料 ガム
R0176,中央区,女性,60代以上,日,2024/05/10,22:43,夜,1566,サンドイッチ お茶 ジュース おにぎり
R0177,中央区,女性,40代,木,2024/02/21,17:37,夜,651,お茶 ジュース
R0178,中央区,女性,30代,金,2024/04/12,21:03,夜,288,フルーツ カップ麺
R0179,中央区,女性,30代,月,2024/11/27,22:49,夜,772,ヨーグルト 野菜ジュース
R0180,中央区,男性,20代,月,2024/04/12,12:37,昼,840,ヨーグルト フルーツ
R0181,中央区,男性,60代以上,水,2024/08/05,08:37,朝,728,ジュース お茶 コーヒー サンドイッチ
R0182,中央区,男性,30代,日,2024/03/27,18:52,夜,741,おにぎり 卵 カップ麺
R0183,中央区,女性,10代,金,2024/01/05,08:50,朝,1135,おにぎり パン 卵
R0184,中央区,女性,30代,金,2024/09/13,22:47,夜,1500,卵 牛乳 おにぎり アイス
R0185,中央区,女性,10代,木,2024/10/16,07:03,朝,1100,野菜ジュース フルーツ ヨーグルト サラダ
R0186,中央区,女性,50代,金,2024/06/04,16:00,昼,965,お茶 ジュース サンドイッチ コーヒー 栄養ドリンク
R0187,中央区,男性,20代,土,2024/03/05,12:32,昼,725,フルーツ サラダ お茶
R0188,中央区,女性,20代,日,2024/10/23,17:01,夜,847,サラダ 野菜ジュース
R0189,中央区,女性,60代以上,土,2024/09/03,09:56,朝,645,カップ麺 缶コーヒー
R0190,中央区,男性,40代,木,2024/12/16,13:46,昼,420,サラダ
R0191,中央区,女性,50代,日,2024/04/27,11:01,昼,851,おにぎり パン
R0192,中央区,男性,30代,土,2024/11/19,15:14,昼,1126,パン 卵 おにぎり 牛乳
R0193,中央区,男性,30代,木,2024/08/02,18:12,夜,737,野菜ジュース フルーツ ヨーグルト
R0194,中央区,女性,10代,金,2024/04/23,16:03,昼,706,おにぎり 牛乳
R0195,中央区,男性,60代以上,木,2024/08/01,20:21,夜,1532,サラダ ヨーグルト フルーツ 栄養ドリンク
R0196,中央区,女性,10代,土,2024/11/29,08:03,朝,500,栄養ドリンク フルーツ
R0197,中央区,男性,60代以上,月,2024/07/26,19:09,夜,1117,パン 卵 チョコレート
R0198,中央区,女性,50代,土,2024/11/08,09:31,朝,590,パン 牛乳
R0199,中央区,男性,30代,水,2024/05/04,19:13,夜,285,栄養ドリンク フルーツ
R0200,中央区,女性,50代,日,2024/07/07,08:01,朝,1106,卵 牛乳 おにぎり
R0201,中央区,女性,60代以上,金,2024/10/01,08:52,朝,620,ヨーグルト 栄養ドリンク
R0202,中央区,男性,50代,土,2024/03/21,19:06,夜,1443,ポテトチップス ガム チョコレート キャンディ
R0203,中央区,男性,20代,日,2024/02/11,13:20,昼,1027,歯ブラシ シャンプー 洗剤
R0204,中央区,男性,30代,水,2024/04/23,09:11,朝,757,お茶 サンドイッチ
R0205,中央区,男性,30代,月,2024/03/06,20:53,夜,666,野菜ジュース 歯ブラシ
R0206,中央区,女性,30代,日,2024/06/27,18:30,夜,1804,フルーツ 野菜ジュース ヨーグルト サラダ アイス
R0207,中央区,女性,20代,月,2024/02/05,18:13,夜,1370,お茶 サンドイッチ コーヒー ヨーグルト
R0208,中央区,女性,40代,木,2024/03/26,08:36,朝,524,歯ブラシ 洗剤
R0209,中央区,女性,20代,木,2024/07/25,08:21,朝,1416,フルーツ 野菜ジュース 栄養ドリンク サラダ
R0210,中央区,男性,10代,月,2024/07/04,21:47,夜,1028,卵 牛乳 パン
R0211,中央区,男性,50代,火,2024/09/14,07:09,朝,1477,栄養ドリンク フルーツ ヨーグルト 野菜ジュース
R0212,中央区,男性,40代,日,2024/04/05,08:53,朝,917,サンドイッチ お茶 コーヒー ジュース
R0213,中央区,男性,30代,木,2024/10/02,22:19,夜,541,サンドイッチ コーヒー
R0214,中央区,女性,40代,月,2024/09/05,22:15,夜,1463,おにぎり 卵 パン 牛乳
R0215,中央区,男性,20代,土,2024/08/04,22:37,夜,205,卵
R0216,中央区,男性,10代,日,2024/07/31,13:25,昼,1828,サンドイッチ コーヒー お茶 ジュース 牛乳
R0217,中央区,女性,40代,木,2024/03/07,09:54,朝,421,フルーツ
R0218,中央区,女性,60代以上,木,2024/04/30,19:40,夜,431,野菜ジュース
R0219,中央区,女性,10代,火,2024/11/25,08:29,朝,1628,おにぎり パン 牛乳 卵
R0220,中央区,女性,60代以上,土,2024/02/23,07:36,朝,713,卵 お茶
R0221,中央区,男性,60代以上,土,2024/08/19,15:35,昼,1024,おにぎり パン 卵 牛乳
R0222,中央区,女性,60代以上,日,2024/10/14,07:06,朝,659,ジュース サンドイッチ コーヒー お茶
R0223,中央区,男性,60代以上,金,2024/09/15,07:22,朝,886,おにぎり 牛乳 カップ麺
R0224,中央区,女性,30代,土,2024/02/29,11:15,昼,449,コーヒー
R0225,中央区,男性,60代以上,木,2024/06/10,15:27,昼,1551,肉まん 弁当 冷凍食品 牛乳
R0226,中央区,女性,60代以上,火,2024/01/06,13:16,昼,814,栄養ドリンク サラダ
R0227,中央区,男性,40代,月,2024/01/11,15:09,昼,598,パン おにぎり ジュース
R0228,中央区,男性,50代,月,2024/08/12,11:44,昼,1069,コーヒー サンドイッチ お茶
R0229,中央区,女性,50代,土,2024/02/26,07:56,朝,1010,フルーツ サラダ チョコレート
R0230,中央区,男性,40代,金,2024/02/04,08:08,朝,1143,栄養ドリンク サラダ 肉まん
R0231,中央区,女性,30代,土,2024/02/11,10:39,朝,1027,洗剤 歯ブラシ ティッシュ シャンプー サンドイッチ
R0232,中央区,男性,40代,月,2024/02/10,11:17,昼,822,サンドイッチ コーヒー 缶コーヒー
R0233,中央区,女性,50代,土,2024/12/31,15:00,昼,408,サラダ
R0234,中央区,男性,60代以上,木,2024/01/01,21:49,夜,369,ジュース 牛乳
R0235,中央区,男性,20代,木,2024/05/12,12:00,昼,171,ジュース
R0236,中央区,女性,10代,火,2024/01/07,13:38,昼,1201,サラダ ヨーグルト フルーツ
R0237,中央区,男性,60代以上,月,2024/04/05,09:44,朝,126,牛乳
R0238,中央区,男性,50代,金,2024/09/15,16:25,昼,751,ヨーグルト フルーツ サラダ
R0239,中央区,女性,60代以上,月,2024/05/25,09:14,朝,849,フルーツ 野菜ジュース サラダ ヨーグルト
R0240,中央区,女性,40代,木,2024/10/07,10:47,朝,1255,ジュース サンドイッチ お茶 コーヒー 冷凍食品
R0241,中央区,男性,60代以上,土,2024/01/30,11:01,昼,1047,チョコレート ガム ポテトチップス キャンディ
R0242,中央区,女性,50代,日,2024/05/05,20:02,夜,816,おにぎり 卵 牛乳 パン
R0243,中央区,男性,40代,火,2024/11/19,20:12,夜,1111,シャンプー ティッシュ 栄養ドリンク
R0244,中央区,女性,60代以上,金,2024/08/31,16:51,昼,445,ジュース お茶 コーヒー
R0245,中央区,男性,60代以上,水,2024/10/20,14:49,昼,1186,野菜ジュース サラダ フルーツ
R0246,中央区,女性,60代以上,日,2024/05/03,08:27,朝,656,コーヒー ジュース サンドイッチ お茶
R0247,中央区,男性,20代,金,2024/04/06,16:20,昼,914,お茶 コーヒー 肉まん
R0248,中央区,女性,60代以上,水,2024/02/09,14:44,昼,752,牛乳 パン おにぎり 卵 キャンディ
R0249,中央区,女性,50代,火,2024/03/24,10:44,朝,403,ジュース
R0250,中央区,女性,30代,月,2024/02/25,18:20,夜,755,栄養ドリンク フルーツ
R0251,中央区,男性,10代,火,2024/04/16,10:02,朝,741,コーヒー ジュース サンドイッチ お茶
R0252,中央区,女性,10代,土,2024/12/24,12:21,昼,316,フルーツ
R0253,中央区,女性,10代,木,2024/05/08,09:13,朝,662,フルーツ シャンプー
R0254,中央区,女性,30代,日,2024/09/12,19:07,夜,184,コーヒー
R0255,中央区,男性,10代,日,2024/07/22,09:56,朝,441,おにぎり
R0256,中央区,女性,50代,火,2024/11/11,11:44,昼,504,栄養ドリンク フルーツ
R0257,中央区,男性,60代以上,土,2024/05/29,19:37,夜,1489,サラダ ヨーグルト 栄養ドリンク 野菜ジュース お茶
R0258,中央区,男性,30代,火,2024/06/22,20:38,夜,1166,ヨーグルト 栄養ドリンク サラダ
R0259,中央区,女性,20代,土,2024/11/22,17:03,夜,961,ジュース サンドイッチ お茶
R0260,中央区,男性,20代,金,2024/05/11,20:53,夜,487,おにぎり 牛乳
R0261,中央区,男性,40代,木,2024/07/08,17:14,夜,591,牛乳 おにぎり
R0262,中央区,女性,10代,土,2024/05/02,14:14,昼,239,ジュース
R0263,中央区,男性,40代,火,2024/02/13,22:51,夜,516,フルーツ 栄養ドリンク
R0264,中央区,男性,60代以上,土,2024/10/06,21:59,夜,510,おにぎり 牛乳
R0265,中央区,男性,20代,日,2024/05/24,09:22,朝,1347,おにぎり 卵 牛乳 パン
R0266,中央区,男性,60代以上,木,2024/10/22,14:00,昼,737,サンドイッチ ヨーグルト
R0267,中央区,男性,20代,木,2024/01/27,09:12,朝,440,お茶 ガム
R0268,中央区,男性,20代,木,2024/03/28,08:25,朝,689,コーヒー サンドイッチ
R0269,中央区,女性,30代,金,2024/03/15,11:47,昼,767,ヨーグルト サラダ 卵
R0270,中央区,女性,30代,木,2024/07/15,12:58,昼,1720,お茶 コーヒー ジュース サンドイッチ おにぎり
R0271,中央区,男性,20代,金,2024/10/21,19:50,夜,1061,ジュース サンドイッチ コーヒー お茶 栄養ドリンク
R0272,中央区,女性,60代以上,水,2024/04/04,11:24,昼,797,おにぎり パン 卵 牛乳
R0273,中央区,男性,60代以上,金,2024/04/07,16:18,昼,321,サンドイッチ
R0274,中央区,女性,50代,水,2024/11/20,13:17,昼,493,お茶 サンドイッチ
R0275,中央区,男性,40代,火,2024/01/02,18:35,夜,609,洗剤 ティッシュ シャンプー 歯ブラシ
R0276,中央区,男性,20代,土,2024/02/01,21:58,夜,604,パン 牛乳
R0277,中央区,女性,30代,土,2024/05/11,15:33,昼,1214,パン 牛乳 おにぎり 卵
R0278,中央区,男性,20代,月,2024/11/08,22:22,夜,759,卵 パン おにぎり
R0279,中央区,男性,60代以上,金,2024/09/21,15:53,昼,1000,パン おにぎり 牛乳 キャンディ
R0280,中央区,女性,10代,日,2024/08/17,07:29,朝,1132,フルーツ 栄養ドリンク サラダ
R0281,中央区,女性,60代以上,金,2024/09/10,19:24,夜,297,おにぎり
R0282,中央区,女性,30代,金,2024/11/12,08:05,朝,368,栄養ドリンク
R0283,中央区,男性,10代,火,2024/01/28,14:28,昼,563,洗剤 歯ブラシ
R0284,中央区,女性,30代,月,2024/04/20,16:38,昼,924,牛乳 おにぎり パン
R0285,中央区,女性,10代,木,2024/12/25,16:20,昼,481,ジュース
R0286,中央区,女性,60代以上,水,2024/06/20,07:53,朝,361,フルーツ サラダ
R0287,中央区,女性,60代以上,金,2024/08/15,18:04,夜,245,ヨーグルト
R0288,中央区,男性,50代,金,2024/10/27,08:44,朝,1229,パン おにぎり 牛乳 コーヒー
R0289,中央区,女性,50代,土,2024/10/01,16:46,昼,488,ジュース お茶
R0290,中央区,男性,30代,木,2024/12/20,12:23,昼,833,卵 パン おにぎり
R0291,中央区,女性,10代,水,2024/06/01,09:26,朝,494,サンドイッチ ジュース
R0292,中央区,男性,30代,火,2024/07/07,18:31,夜,1555,卵 パン おにぎり 栄養ドリンク
R0293,中央区,女性,10代,月,2024/06/10,18:10,夜,228,ジュース
R0294,中央区,男性,30代,月,2024/01/05,08:55,朝,359,お茶 フルーツ
R0295,中央区,男性,20代,金,2024/07/07,07:00,朝,338,サラダ
R0296,中央区,女性,40代,火,2024/01/13,18:37,夜,1257,ヨーグルト 栄養ドリンク 野菜ジュース
R0297,中央区,女性,60代以上,日,2024/03/29,10:24,朝,589,缶コーヒー 冷凍食品 弁当
R0298,中央区,男性,60代以上,日,2024/01/29,15:09,昼,700,栄養ドリンク 野菜ジュース 歯ブラシ
R0299,中央区,女性,40代,土,2024/07/30,20:49,夜,1635,サラダ 栄養ドリンク ヨーグルト フルーツ アイス
R0300,中央区,女性,10代,火,2024/09/22,09:37,朝,454,サンドイッチ コーヒー
R0301,中央区,男性,50代,火,2024/10/01,10:51,朝,1074,卵 パン 牛乳
R0302,中央区,男性,50代,水,2024/11/26,19:22,夜,511,ヨーグルト 栄養ドリンク 野菜ジュース
R0303,中央区,男性,20代,月,2024/05/25,17:10,夜,432,コーヒー
R0304,中央区,男性,30代,水,2024/01/02,10:12,朝,713,おにぎり 缶コーヒー
R0305,中央区,女性,20代,土,2024/01/16,22:30,夜,699,カップ麺 弁当
R0306,中央区,男性,10代,月,2024/07/02,19:35,夜,509,フルーツ ヨーグルト
R0307,中央区,女性,50代,月,2024/09/17,19:20,夜,202,お茶
R0308,中央区,男性,50代,月,2024/07/12,18:35,夜,1106,ヨーグルト フルーツ 野菜ジュース サラダ
R0309,中央区,女性,40代,日,2024/03/23,20:03,夜,477,卵 牛乳
R0310,中央区,女性,20代,月,2024/06/30,19:15,夜,531,卵 牛乳
R0311,中央区,男性,30代,月,2024/09/02,14:18,昼,345,牛乳
R0312,中央区,女性,30代,日,2024/10/23,08:17,朝,1587,サラダ 栄養ドリンク フルーツ お茶
R0313,中央区,男性,50代,火,2024/03/19,10:28,朝,402,フルーツ
R0314,中央区,女性,60代以上,月,2024/01/12,22:49,夜,473,おにぎり 牛乳
R0315,中央区,男性,10代,金,2024/12/11,19:24,夜,243,サンドイッチ
R0316,中央区,女性,50代,日,2024/11/18,13:11,昼,235,パン
R0317,中央区,男性,50代,月,2024/10/12,15:29,昼,745,栄養ドリンク フルーツ ヨーグルト サラダ
R0318,中央区,女性,50代,月,2024/08/29,07:31,朝,731,ジュース サンドイッチ
R0319,中央区,男性,10代,月,2024/02/16,17:51,夜,1925,おにぎり パン 牛乳 卵 コーヒー
R0320,中央区,男性,30代,金,2024/11/20,07:17,朝,958,フルーツ 野菜ジュース ヨーグルト
R0321,中央区,女性,10代,土,2024/05/05,22:07,夜,247,フルーツ
R0322,中央区,女性,10代,火,2024/08/16,14:42,昼,567,栄養ドリンク 弁当
R0323,中央区,男性,30代,土,2024/08/01,07:43,朝,1413,パン おにぎり 牛乳 卵 洗剤
R0324,中央区,男性,40代,金,2024/09/21,20:19,夜,374,ジュース 肉まん
R0325,中央区,女性,60代以上,金,2024/10/07,07:35,朝,280,フルーツ
R0326,中央区,女性,20代,金,2024/10/27,12:51,昼,1429,お茶 サンドイッチ コーヒー ジュース
R0327,中央区,男性,40代,月,2024/03/12,14:12,昼,1214,牛乳 パン 卵 おにぎり
R0328,中央区,男性,60代以上,日,2024/10/16,11:46,昼,1127,フルーツ サラダ 栄養ドリンク 野菜ジュース
R0329,中央区,女性,60代以上,土,2024/10/26,16:40,昼,719,缶コーヒー カップ麺 冷凍食品
R0330,中央区,女性,40代,木,2024/12/11,14:58,昼,1036,ポテトチップス アイス チョコレート
R0331,北区,女性,60代以上,水,2024/04/01,18:59,夜,788,歯ブラシ トイレットペーパー
R0332,北区,男性,50代,金,2024/01/10,16:31,昼,118,トイレットペーパー
R0333,北区,女性,50代,火,2024/08/05,16:28,昼,1465,お茶 ジュース コーヒー サンドイッチ
R0334,北区,女性,20代,火,2024/02/10,18:15,夜,767,パン 牛乳 卵
R0335,北区,女性,20代,月,2024/11/11,21:25,夜,1188,ジュース サンドイッチ コーヒー お茶
R0336,北区,女性,30代,火,2024/05/17,16:54,昼,316,トイレットペーパー
R0337,北区,女性,40代,木,2024/11/25,22:47,夜,1613,歯ブラシ ティッシュ 洗剤 お茶
R0338,北区,女性,30代,月,2024/12/03,08:08,朝,1508,シャンプー ティッシュ 洗剤 歯ブラシ
R0339,北区,女性,40代,金,2024/01/07,21:52,夜,367,洗剤
R0340,北区,女性,20代,水,2024/05/30,13:49,昼,415,シャンプー 歯ブラシ
R0341,北区,男性,10代,水,2024/12/02,16:42,昼,1465,ティッシュ 歯ブラシ シャンプー サンドイッチ
R0342,北区,女性,20代,火,2024/04/08,22:19,夜,462,シャンプー
R0343,北区,男性,60代以上,金,2024/09/03,12:50,昼,374,洗剤 トイレットペーパー
R0344,北区,男性,30代,水,2024/06/26,14:04,昼,758,おにぎり パン
R0345,北区,女性,20代,日,2024/09/03,16:05,昼,1103,シャンプー トイレットペーパー ティッシュ
R0346,北区,男性,60代以上,水,2024/06/11,07:49,朝,177,シャンプー
R0347,北区,男性,20代,火,2024/01/02,11:30,昼,825,ティッシュ フルーツ
R0348,北区,男性,50代,日,2024/06/27,11:47,昼,348,シャンプー
R0349,北区,女性,40代,土,2024/05/04,08:29,朝,1097,洗剤 シャンプー 歯ブラシ ティッシュ
R0350,北区,女性,50代,日,2024/02/08,08:49,朝,439,洗剤
R0351,北区,男性,60代以上,日,2024/11/15,10:12,朝,1099,おにぎり 卵 パン
R0352,北区,女性,10代,木,2024/07/26,17:27,夜,1666,コーヒー ジュース サンドイッチ 弁当
R0353,北区,女性,50代,土,2024/05/14,22:32,夜,979,トイレットペーパー 歯ブラシ 洗剤
R0354,北区,女性,50代,土,2024/04/26,14:09,昼,368,洗剤 弁当
R0355,北区,男性,20代,土,2024/04/22,19:52,夜,1437,お茶 コーヒー サンドイッチ ジュース
R0356,北区,男性,40代,木,2024/08/25,21:22,夜,199,洗剤
R0357,北区,女性,60代以上,日,2024/12/22,17:49,夜,645,アイス ポテトチップス
R0358,北区,女性,60代以上,木,2024/07/06,17:54,夜,292,牛乳
R0359,北区,女性,20代,火,2024/10/10,19:57,夜,1408,コーヒー ジュース お茶 ガム
R0360,北区,女性,60代以上,木,2024/08/30,15:54,昼,879,牛乳 パン おにぎり
R0361,北区,女性,20代,土,2024/04/21,13:38,昼,1937,サンドイッチ ジュース コーヒー お茶 キャンディ
R0362,北区,女性,10代,水,2024/03/18,22:13,夜,284,コーヒー
R0363,北区,男性,40代,月,2024/03/01,14:09,昼,198,サンドイッチ
R0364,北区,女性,40代,土,2024/09/04,13:18,昼,983,歯ブラシ 洗剤 シャンプー ティッシュ
R0365,北区,男性,40代,土,2024/10/07,22:12,夜,1594,弁当 カップ麺 肉まん 冷凍食品 フルーツ
R0366,北区,男性,30代,火,2024/03/22,14:12,昼,1487,洗剤 歯ブラシ トイレットペーパー おにぎり
R0367,北区,男性,20代,木,2024/03/27,16:42,昼,718,コーヒー お茶
R0368,北区,女性,50代,日,2024/05/15,11:01,昼,321,歯ブラシ
R0369,北区,女性,50代,日,2024/01/28,13:47,昼,1168,おにぎり 卵 パン
R0370,北区,女性,60代以上,日,2024/09/16,11:57,昼,870,ジュース コーヒー サンドイッチ
R0371,北区,男性,60代以上,木,2024/11/28,15:29,昼,600,洗剤 ティッシュ シャンプー
R0372,北区,女性,30代,火,2024/11/26,21:14,夜,836,肉まん 弁当
R0373,北区,女性,40代,金,2024/07/15,12:31,昼,226,牛乳
R0374,北区,男性,30代,土,2024/10/04,12:33,昼,907,シャンプー トイレットペーパー ポテトチップス
R0375,北区,男性,10代,土,2024/07/24,08:39,朝,816,おにぎり 牛乳 洗剤
R0376,北区,男性,30代,火,2024/07/27,20:33,夜,683,トイレットペーパー 野菜ジュース
R0377,北区,男性,30代,木,2024/11/21,12:40,昼,1151,卵 パン おにぎり
R0378,北区,男性,60代以上,木,2024/01/31,14:39,昼,646,シャンプー トイレットペーパー 洗剤
R0379,北区,男性,30代,月,2024/07/10,14:43,昼,1023,卵 おにぎり パン
R0380,北区,女性,20代,木,2024/07/06,11:50,昼,303,シャンプー
R0381,北区,男性,30代,金,2024/10/16,16:36,昼,625,ジュース コーヒー お茶
R0382,北区,女性,60代以上,月,2024/09/15,11:24,昼,169,ティッシュ
R0383,北区,女性,40代,木,2024/05/14,13:46,昼,787,牛乳 パン 卵
R0384,北区,男性,20代,月,2024/04/03,18:52,夜,753,シャンプー トイレットペーパー 歯ブラシ ティッシュ カップ麺
R0385,北区,男性,40代,金,2024/02/06,20:55,夜,597,トイレットペーパー シャンプー
R0386,北区,女性,40代,日,2024/04/01,15:57,昼,1330,缶コーヒー カップ麺 弁当 冷凍食品
R0387,北区,女性,40代,火,2024/01/05,08:29,朝,748,冷凍食品 カップ麺
R0388,北区,女性,40代,月,2024/06/01,09:52,朝,516,シャンプー トイレットペーパー 歯ブラシ
R0389,北区,女性,10代,水,2024/05/12,07:01,朝,626,トイレットペーパー シャンプー 歯ブラシ
R0390,北区,男性,10代,月,2024/12/04,13:08,昼,628,歯ブラシ ティッシュ 野菜ジュース
R0391,北区,男性,20代,日,2024/08/02,11:03,昼,650,ジュース サンドイッチ 缶コーヒー
R0392,北区,男性,60代以上,木,2024/05/09,21:11,夜,341,シャンプー
R0393,北区,男性,50代,火,2024/07/23,19:11,夜,900,おにぎり 牛乳 卵
R0394,北区,女性,30代,月,2024/09/01,22:10,夜,831,洗剤 トイレットペーパー 歯ブラシ 野菜ジュース
R0395,北区,男性,60代以上,金,2024/01/03,14:31,昼,1410,お茶 コーヒー ジュース サンドイッチ パン
R0396,北区,男性,60代以上,土,2024/04/29,07:44,朝,999,お茶 コーヒー ジュース
R0397,北区,男性,50代,月,2024/06/30,17:17,夜,1590,牛乳 パン おにぎり 卵
R0398,北区,女性,10代,日,2024/05/23,19:23,夜,427,コーヒー ジュース
R0399,北区,男性,10代,土,2024/09/22,14:23,昼,356,洗剤
R0400,北区,男性,60代以上,水,2024/07/29,19:14,夜,1253,シャンプー 洗剤 歯ブラシ ティッシュ
R0401,北区,男性,50代,木,2024/02/15,14:08,昼,300,野菜ジュース フルーツ
R0402,北区,男性,10代,水,2024/08/08,11:59,昼,879,サンドイッチ コーヒー お茶 ジュース
R0403,北区,男性,30代,日,2024/12/26,10:02,朝,1069,牛乳 卵 パン
R0404,北区,女性,30代,水,2024/11/06,08:02,朝,301,お茶
R0405,北区,女性,50代,水,2024/11/23,19:07,夜,411,ヨーグルト
R0406,北区,男性,20代,土,2024/08/23,19:53,夜,440,洗剤 チョコレート
R0407,北区,女性,40代,金,2024/12/10,20:14,夜,564,卵 おにぎり パン
R0408,北区,女性,10代,水,2024/04/24,11:39,昼,402,パン 卵
R0409,北区,男性,20代,土,2024/09/11,12:55,昼,1536,卵 おにぎり 牛乳 フルーツ
R0410,北区,女性,20代,水,2024/09/21,11:03,昼,1365,コーヒー お茶 ジュース サンドイッチ
R0411,北区,女性,50代,火,2024/06/11,21:09,夜,1441,歯ブラシ ティッシュ シャンプー トイレットペーパー
R0412,北区,男性,30代,金,2024/02/11,09:32,朝,744,トイレットペーパー 歯ブラシ 肉まん
R0413,北区,男性,10代,日,2024/01/09,16:47,昼,2022,おにぎり パン 卵 牛乳 ヨーグルト
R0414,北区,男性,30代,木,2024/10/05,15:06,昼,445,牛乳
R0415,北区,女性,40代,金,2024/06/18,12:24,昼,1650,コーヒー ジュース サンドイッチ アイス
R0416,北区,男性,30代,水,2024/09/23,14:13,昼,847,コーヒー ジュース アイス
R0417,北区,男性,40代,土,2024/07/18,16:35,昼,1451,歯ブラシ 洗剤 シャンプー ティッシュ
R0418,北区,男性,40代,月,2024/12/20,12:55,昼,1189,卵 牛乳 おにぎり パン 弁当
R0419,北区,男性,40代,日,2024/03/14,22:20,夜,444,サンドイッチ
R0420,北区,女性,60代以上,土,2024/05/20,11:54,昼,348,洗剤
R0421,北区,男性,30代,火,2024/07/24,20:22,夜,495,栄養ドリンク サラダ
R0422,北区,男性,40代,木,2024/05/23,11:10,昼,483,トイレットペーパー
R0423,北区,男性,10代,木,2024/03/09,14:45,昼,631,トイレットペーパー ティッシュ
R0424,北区,男性,60代以上,木,2024/08/07,19:40,夜,1215,ティッシュ 洗剤 トイレットペーパー 歯ブラシ サンドイッチ
R0425,北区,女性,20代,木,2024/11/30,10:08,朝,618,コーヒー サンドイッチ お茶 パン
R0426,北区,男性,40代,土,2024/11/09,17:02,夜,1023,ジュース サンドイッチ コーヒー
R0427,北区,男性,10代,木,2024/04/19,07:39,朝,1898,ティッシュ シャンプー 洗剤 トイレットペーパー 栄養ドリンク
R0428,北区,女性,40代,金,2024/11/07,20:31,夜,1476,シャンプー トイレットペーパー 歯ブラシ ティッシュ
R0429,北区,男性,50代,月,2024/09/07,16:41,昼,573,トイレットペーパー シャンプー ティッシュ
R0430,北区,女性,10代,月,2024/02/27,13:28,昼,1193,卵 牛乳 おにぎり チョコレート
R0431,北区,女性,30代,火,2024/06/07,19:02,夜,878,コーヒー ジュース お茶 サンドイッチ
R0432,北区,男性,60代以上,水,2024/09/25,11:20,昼,484,卵 パン 牛乳
R0433,北区,女性,50代,金,2024/01/28,13:39,昼,1374,ヨーグルト 野菜ジュース 栄養ドリンク フルーツ
R0434,北区,女性,50代,火,2024/01/18,12:08,昼,1288,牛乳 パン おにぎり 卵
R0435,北区,女性,10代,火,2024/12/20,16:23,昼,1147,歯ブラシ 洗剤 シャンプー ジュース
R0436,北区,女性,20代,火,2024/02/09,09:59,朝,773,コーヒー お茶
R0437,北区,女性,10代,木,2024/02/14,13:33,昼,398,おにぎり 卵
R0438,北区,女性,60代以上,土,2024/04/20,21:24,夜,231,歯ブラシ
R0439,北区,女性,30代,日,2024/11/11,21:14,夜,981,お茶 サンドイッチ コーヒー
R0440,北区,男性,20代,金,2024/09/19,20:55,夜,729,ティッシュ トイレットペーパー 歯ブラシ
R0441,北区,男性,60代以上,水,2024/12/23,12:59,昼,689,洗剤 歯ブラシ ティッシュ シャンプー
R0442,北区,男性,50代,日,2024/06/13,09:09,朝,221,洗剤
R0443,北区,男性,50代,火,2024/04/10,19:10,夜,410,コーヒー サンドイッチ
R0444,北区,男性,10代,水,2024/11/01,17:28,夜,303,ジュース お茶
R0445,北区,女性,50代,金,2024/06/28,14:04,昼,448,ティッシュ 歯ブラシ トイレットペーパー
R0446,北区,女性,30代,月,2024/11/23,20:10,夜,825,卵 おにぎり パン 牛乳 冷凍食品
R0447,北区,女性,50代,木,2024/09/09,18:29,夜,847,栄養ドリンク フルーツ 卵
R0448,北区,男性,20代,日,2024/04/25,15:42,昼,696,アイス チョコレート 肉まん
R0449,北区,男性,20代,火,2024/12/30,12:36,昼,1082,洗剤 歯ブラシ トイレットペーパー ティッシュ
R0450,北区,女性,50代,土,2024/09/21,22:03,夜,349,トイレットペーパー
R0451,北区,男性,20代,月,2024/08/19,12:58,昼,302,お茶
R0452,北区,男性,20代,木,2024/11/13,18:19,夜,1503,歯ブラシ シャンプー ティッシュ トイレットペーパー
R0453,北区,男性,50代,火,2024/05/04,21:14,夜,640,お茶 ティッシュ
R0454,北区,男性,60代以上,金,2024/10/15,19:18,夜,700,洗剤 シャンプー おにぎり
R0455,北区,男性,40代,金,2024/11/11,11:05,昼,846,ジュース 卵
R0456,北区,女性,50代,金,2024/12/24,17:09,夜,802,トイレットペーパー パン
R0457,北区,女性,30代,水,2024/09/12,13:13,昼,1898,おにぎり 牛乳 卵 パン ポテトチップス
R0458,北区,女性,50代,火,2024/09/21,15:49,昼,763,パン 卵 牛乳 おにぎり
R0459,北区,男性,60代以上,月,2024/07/28,15:45,昼,1387,コーヒー サンドイッチ お茶 野菜ジュース
R0460,北区,女性,40代,土,2024/03/19,16:56,昼,507,洗剤 チョコレート
R0461,北区,女性,40代,月,2024/08/30,16:12,昼,958,お茶 サンドイッチ 洗剤
R0462,北区,女性,20代,木,2024/01/05,08:52,朝,387,フルーツ サラダ
R0463,北区,男性,50代,金,2024/12/02,10:45,朝,1477,卵 おにぎり パン 牛乳 カップ麺
R0464,北区,男性,40代,月,2024/02/18,16:15,昼,468,トイレットペーパー
R0465,北区,女性,10代,水,2024/01/18,21:56,夜,192,お茶
R0466,北区,女性,20代,金,2024/12/12,16:38,昼,757,ジュース コーヒー
R0467,北区,男性,20代,月,2024/03/14,19:09,夜,1047,フルーツ 野菜ジュース サラダ カップ麺
R0468,北区,男性,60代以上,木,2024/08/15,10:35,朝,432,おにぎり 卵
R0469,北区,女性,30代,火,2024/11/14,17:47,夜,183,牛乳
R0470,北区,男性,60代以上,水,2024/04/22,16:41,昼,1572,トイレットペーパー シャンプー 歯ブラシ 洗剤
R0471,北区,女性,50代,日,2024/09/30,21:46,夜,830,おにぎり パン 牛乳 卵
R0472,北区,男性,30代,土,2024/04/29,22:52,夜,1331,洗剤 歯ブラシ トイレットペーパー シャンプー
R0473,北区,男性,30代,金,2024/04/02,07:30,朝,1041,チョコレート 炭酸飲料 アイス
R0474,北区,女性,40代,土,2024/03/04,21:36,夜,972,卵 パン 牛乳
R0475,北区,女性,40代,火,2024/04/22,07:22,朝,1171,洗剤 トイレットペーパー ティッシュ
R0476,北区,女性,60代以上,土,2024/11/27,13:21,昼,1118,サンドイッチ ジュース トイレットペーパー
R0477,北区,女性,60代以上,月,2024/04/29,22:15,夜,295,歯ブラシ
R0478,北区,男性,10代,月,2024/04/07,17:58,夜,241,おにぎり
R0479,北区,女性,50代,金,2024/11/29,12:53,昼,1423,卵 牛乳 パン おにぎり
R0480,北区,男性,60代以上,日,2024/07/20,09:28,朝,1538,卵 パン 牛乳 ジュース
R0481,北区,女性,30代,日,2024/02/01,16:26,昼,764,トイレットペーパー 洗剤 歯ブラシ シャンプー
R0482,北区,女性,20代,水,2024/01/08,14:34,昼,1178,ジュース サンドイッチ お茶 コーヒー アイス
R0483,北区,男性,40代,土,2024/11/30,18:31,夜,954,歯ブラシ 洗剤 トイレットペーパー コーヒー
R0484,北区,女性,20代,土,2024/01/25,16:12,昼,359,洗剤
R0485,北区,男性,30代,日,2024/04/04,08:28,朝,1051,牛乳 卵 おにぎり
R0486,北区,男性,50代,木,2024/11/09,13:28,昼,361,牛乳
R0487,北区,女性,40代,木,2024/10/06,20:25,夜,1674,卵 おにぎり 牛乳 パン フルーツ
R0488,北区,女性,60代以上,火,2024/03/30,21:55,夜,868,コーヒー お茶 カップ麺
R0489,北区,男性,60代以上,日,2024/07/05,14:23,昼,1240,ティッシュ トイレットペーパー 洗剤 シャンプー
R0490,北区,男性,30代,月,2024/03/21,08:04,朝,869,トイレットペーパー 洗剤 牛乳
R0491,北区,女性,20代,日,2024/04/30,16:38,昼,1022,おにぎり 卵 牛乳 冷凍食品
R0492,北区,男性,60代以上,土,2024/10/20,09:07,朝,1414,ジュース コーヒー サンドイッチ お茶
R0493,北区,男性,20代,火,2024/10/25,21:26,夜,690,お茶 サンドイッチ 洗剤
R0494,北区,男性,20代,金,2024/06/06,07:10,朝,1313,洗剤 トイレットペーパー 歯ブラシ ティッシュ
R0495,北区,女性,60代以上,水,2024/08/23,16:56,昼,362,ヨーグルト サラダ
R0496,北区,男性,20代,木,2024/11/12,09:46,朝,1413,お茶 ジュース サンドイッチ コーヒー
R0497,北区,男性,10代,金,2024/09/06,13:11,昼,261,卵
R0498,北区,女性,40代,日,2024/03/07,14:00,昼,461,野菜ジュース フルーツ
R0499,北区,男性,50代,木,2024/11/20,12:33,昼,871,おにぎり 卵 パン 牛乳
R0500,北区,男性,50代,土,2024/05/07,20:36,夜,1118,ティッシュ 歯ブラシ トイレットペーパー
R0501,北区,男性,50代,土,2024/12/28,07:57,朝,219,ヨーグルト
R0502,北区,男性,50代,金,2024/08/29,16:53,昼,1789,パン おにぎり 牛乳 卵 冷凍食品
R0503,北区,男性,30代,日,2024/06/03,12:24,昼,687,牛乳 パン おにぎり
R0504,北区,男性,60代以上,土,2024/01/14,09:50,朝,342,トイレットペーパー
R0505,北区,女性,20代,土,2024/04/22,20:16,夜,795,サンドイッチ ジュース
R0506,北区,男性,50代,日,2024/10/01,11:17,昼,1044,パン おにぎり 牛乳
R0507,北区,女性,50代,木,2024/07/14,20:09,夜,849,卵 冷凍食品
R0508,北区,男性,30代,日,2024/08/17,13:40,昼,202,おにぎり
R0509,北区,女性,10代,火,2024/01/18,15:21,昼,762,歯ブラシ 洗剤
R0510,北区,男性,50代,火,2024/09/06,21:34,夜,932,シャンプー トイレットペーパー 洗剤 歯ブラシ
R0511,北区,女性,60代以上,水,2024/11/21,16:57,昼,1273,パン おにぎり 牛乳 卵
R0512,北区,男性,60代以上,土,2024/03/14,18:11,夜,376,洗剤 トイレットペーパー
R0513,北区,男性,60代以上,木,2024/05/16,09:47,朝,837,サラダ ヨーグルト 野菜ジュース 栄養ドリンク
R0514,北区,女性,10代,火,2024/06/05,20:34,夜,1594,ティッシュ 歯ブラシ シャンプー 洗剤
R0515,北区,男性,40代,水,2024/08/02,10:03,朝,1923,歯ブラシ トイレットペーパー ティッシュ シャンプー 牛乳
R0516,北区,女性,30代,日,2024/11/13,17:29,夜,773,フルーツ サラダ 牛乳
R0517,北区,男性,50代,水,2024/04/24,21:40,夜,1057,ジュース コーヒー お茶
R0518,北区,女性,50代,月,2024/06/24,21:31,夜,585,ガム キャンディ
R0519,北区,女性,10代,月,2024/03/01,18:21,夜,717,パン 炭酸飲料
R0520,北区,女性,30代,水,2024/05/22,11:35,昼,447,ティッシュ ポテトチップス
R0521,北区,男性,40代,火,2024/02/29,14:20,昼,379,歯ブラシ
R0522,北区,女性,50代,金,2024/03/09,08:27,朝,1099,ティッシュ トイレットペーパー 歯ブラシ
R0523,北区,女性,10代,火,2024/11/13,08:24,朝,681,パン 牛乳
R0524,北区,男性,60代以上,土,2024/11/10,18:49,夜,747,おにぎり 卵 牛乳 パン
R0525,北区,男性,30代,火,2024/05/08,08:50,朝,351,トイレットペーパー 歯ブラシ
R0526,北区,男性,20代,水,2024/02/16,20:52,夜,1012,ティッシュ 歯ブラシ トイレットペーパー
R0527,北区,女性,10代,土,2024/10/24,16:19,昼,572,ジュース サンドイッチ
R0528,北区,女性,10代,木,2024/06/14,19:28,夜,455,トイレットペーパー 洗剤
R0529,北区,男性,30代,火,2024/11/12,15:50,昼,864,シャンプー トイレットペーパー キャンディ
R0530,北区,女性,40代,土,2024/06/05,12:28,昼,1068,サンドイッチ コーヒー お茶
R0531,北区,男性,30代,金,2024/08/16,17:51,夜,550,ティッシュ 歯ブラシ
R0532,北区,女性,10代,木,2024/04/29,19:31,夜,379,牛乳 卵
R0533,北区,男性,50代,火,2024/06/15,16:26,昼,418,洗剤 歯ブラシ
R0534,北区,女性,50代,月,2024/10/03,22:14,夜,541,弁当 缶コーヒー
R0535,北区,女性,30代,日,2024/01/16,22:11,夜,413,おにぎり パン
R0536,北区,女性,40代,土,2024/06/29,21:57,夜,1004,洗剤 歯ブラシ ティッシュ トイレットペーパー
R0537,北区,男性,50代,月,2024/03/21,14:27,昼,830,卵 パン 牛乳 おにぎり
R0538,北区,女性,50代,月,2024/05/04,12:38,昼,927,洗剤 トイレットペーパー ティッシュ 歯ブラシ
R0539,北区,女性,30代,金,2024/06/27,20:39,夜,675,お茶 コーヒー サンドイッチ ヨーグルト
R0540,北区,男性,60代以上,水,2024/05/19,16:17,昼,1036,洗剤 シャンプー トイレットペーパー
R0541,北区,男性,10代,木,2024/06/23,11:01,昼,641,卵 ヨーグルト
R0542,北区,男性,50代,土,2024/07/02,07:28,朝,304,サンドイッチ お茶
R0543,北区,女性,30代,日,2024/07/17,14:20,昼,349,卵
R0544,北区,男性,20代,月,2024/04/10,20:30,夜,719,シャンプー トイレットペーパー ティッシュ 洗剤
R0545,北区,女性,20代,月,2024/02/16,13:26,昼,1254,おにぎり パン 牛乳 アイス
R0546,北区,女性,60代以上,水,2024/05/31,09:34,朝,750,お茶 ジュース コーヒー 牛乳
R0547,北区,女性,60代以上,木,2024/06/02,15:17,昼,1080,トイレットペーパー シャンプー 歯ブラシ ティッシュ
R0548,北区,女性,30代,金,2024/12/08,12:14,昼,1604,ジュース コーヒー サンドイッチ お茶 肉まん
R0549,北区,男性,30代,木,2024/02/24,22:13,夜,1265,卵 牛乳 おにぎり パン
R0550,北区,男性,40代,土,2024/03/13,10:53,朝,302,洗剤 歯ブラシ
R0551,北区,女性,60代以上,金,2024/06/27,21:57,夜,243,ガム
R0552,北区,男性,50代,月,2024/10/12,20:03,夜,190,サンドイッチ
R0553,北区,男性,10代,日,2024/12/15,17:14,夜,699,歯ブラシ ティッシュ
R0554,北区,女性,30代,金,2024/07/25,15:55,昼,411,ティッシュ
R0555,北区,男性,20代,金,2024/01/17,11:31,昼,1013,サラダ 野菜ジュース フルーツ
R0556,北区,男性,20代,金,2024/10/09,15:43,昼,763,パン 野菜ジュース
R0557,北区,男性,50代,金,2024/04/25,17:35,夜,831,シャンプー 歯ブラシ ティッシュ
R0558,北区,男性,10代,木,2024/01/17,18:30,夜,325,ジュース
R0559,北区,女性,60代以上,月,2024/11/22,19:05,夜,371,ヨーグルト サラダ
R0560,北区,男性,40代,月,2024/01/25,22:07,夜,180,サンドイッチ
R0561,北区,女性,40代,木,2024/03/27,22:32,夜,891,お茶 サンドイッチ コーヒー
R0562,北区,女性,20代,水,2024/11/20,08:45,朝,285,洗剤 シャンプー
R0563,北区,女性,40代,月,2024/08/31,21:16,夜,880,シャンプー 洗剤 トイレットペーパー ティッシュ
R0564,北区,女性,60代以上,日,2024/07/06,09:44,朝,584,洗剤 カップ麺
R0565,北区,女性,50代,水,2024/07/14,17:20,夜,514,ティッシュ トイレットペーパー 洗剤
R0566,北区,男性,50代,火,2024/05/30,17:24,夜,1248,おにぎり 卵 牛乳 パン サラダ
R0567,北区,男性,10代,金,2024/07/20,09:03,朝,1314,ポテトチップス ガム アイス トイレットペーパー
R0568,北区,女性,10代,火,2024/10/21,20:41,夜,193,おにぎり
R0569,北区,男性,20代,日,2024/12/19,10:02,朝,546,お茶 コーヒー
R0570,北区,女性,60代以上,水,2024/05/05,08:04,朝,710,パン おにぎり
R0571,北区,女性,10代,日,2024/06/17,17:04,夜,786,ヨーグルト フルーツ 栄養ドリンク
R0572,北区,女性,10代,日,2024/09/03,21:29,夜,1130,パン 卵 牛乳 おにぎり 歯ブラシ
R0573,北区,男性,20代,日,2024/10/12,16:27,昼,469,ヨーグルト サラダ
R0574,北区,女性,60代以上,月,2024/05/09,15:56,昼,704,シャンプー ティッシュ
R0575,北区,男性,50代,土,2024/01/29,17:07,夜,828,洗剤 トイレットペーパー シャンプー
R0576,北区,男性,50代,金,2024/12/02,17:22,夜,641,洗剤 歯ブラシ コーヒー
R0577,北区,男性,50代,金,2024/05/08,12:43,昼,738,パン 牛乳 トイレットペーパー
R0578,北区,男性,40代,水,2024/02/26,13:08,昼,1379,シャンプー 洗剤 歯ブラシ トイレットペーパー
R0579,北区,男性,40代,火,2024/02/09,09:53,朝,657,洗剤 肉まん
R0580,北区,女性,50代,火,2024/08/04,21:28,夜,664,コーヒー サンドイッチ ジュース お茶
R0581,北区,女性,50代,水,2024/11/05,19:24,夜,921,歯ブラシ シャンプー 炭酸飲料
R0582,北区,女性,20代,水,2024/10/02,07:33,朝,881,おにぎり 牛乳 卵 パン
R0583,北区,男性,10代,水,2024/08/31,17:56,夜,1052,ジュース サンドイッチ コーヒー
R0584,北区,女性,40代,火,2024/01/18,14:20,昼,331,トイレットペーパー
R0585,北区,女性,20代,月,2024/05/21,19:34,夜,1324,アイス キャンディ 炭酸飲料 ガム
R0586,北区,女性,20代,土,2024/08/09,08:53,朝,1076,弁当 冷凍食品 カップ麺 肉まん
R0587,北区,男性,20代,木,2024/10/11,08:36,朝,1127,歯ブラシ トイレットペーパー シャンプー 洗剤
R0588,北区,男性,30代,土,2024/07/11,09:23,朝,518,ティッシュ 歯ブラシ ガム
R0589,北区,男性,40代,水,2024/07/02,13:53,昼,652,牛乳 おにぎり
R0590,北区,女性,50代,日,2024/07/01,14:14,昼,894,パン 卵 牛乳 おにぎり
R0591,北区,男性,50代,水,2024/03/21,11:23,昼,1068,パン 卵 おにぎり 肉まん
R0592,北区,男性,40代,土,2024/03/19,07:10,朝,1231,パン 卵 牛乳 おにぎり
R0593,北区,女性,30代,火,2024/07/24,21:21,夜,860,サラダ 野菜ジュース フルーツ
R0594,北区,男性,60代以上,火,2024/07/21,09:42,朝,236,牛乳
R0595,北区,女性,30代,土,2024/11/10,14:50,昼,704,栄養ドリンク フルーツ コーヒー
R0596,北区,女性,30代,木,2024/07/16,22:27,夜,1561,歯ブラシ シャンプー トイレットペーパー ティッシュ
R0597,北区,男性,20代,木,2024/12/21,12:03,昼,1250,トイレットペーパー ティッシュ 卵
R0598,北区,男性,60代以上,日,2024/11/30,10:35,朝,662,おにぎり パン
R0599,北区,女性,10代,水,2024/08/07,22:40,夜,1038,トイレットペーパー ティッシュ 洗剤 コーヒー
R0600,北区,女性,60代以上,水,2024/01/24,20:19,夜,1241,洗剤 トイレットペーパー 歯ブラシ サンドイッチ
R0601,東区,女性,30代,日,2024/08/02,11:57,昼,402,サラダ
R0602,東区,女性,50代,水,2024/07/10,07:22,朝,742,弁当 冷凍食品 カップ麺 缶コーヒー
R0603,東区,男性,10代,日,2024/05/29,13:29,昼,1045,サンドイッチ お茶 コーヒー
R0604,東区,女性,60代以上,日,2024/10/25,08:03,朝,589,卵 おにぎり 冷凍食品
R0605,東区,男性,50代,月,2024/03/19,17:44,夜,202,おにぎり
R0606,東区,女性,30代,火,2024/01/20,17:32,夜,1200,カップ麺 冷凍食品 肉まん
R0607,東区,男性,30代,土,2024/06/10,16:17,昼,1030,冷凍食品 缶コーヒー カップ麺 弁当
R0608,東区,男性,50代,水,2024/03/09,19:51,夜,739,肉まん 缶コーヒー 弁当
R0609,東区,女性,40代,水,2024/11/27,22:35,夜,1239,カップ麺 肉まん 弁当 缶コーヒー
R0610,東区,男性,40代,金,2024/03/10,19:52,夜,737,肉まん 冷凍食品 弁当 カップ麺
R0611,東区,女性,40代,月,2024/01/19,07:49,朝,1221,弁当 肉まん キャンディ
R0612,東区,女性,50代,金,2024/07/05,21:29,夜,180,牛乳
R0613,東区,女性,60代以上,木,2024/11/27,15:10,昼,204,サンドイッチ
R0614,東区,女性,40代,金,2024/09/03,17:37,夜,721,弁当 冷凍食品 カップ麺 缶コーヒー
R0615,東区,男性,10代,水,2024/09/25,14:41,昼,379,肉まん
R0616,東区,男性,60代以上,火,2024/10/31,17:25,夜,1307,ジュース サンドイッチ お茶 コーヒー
R0617,東区,女性,50代,火,2024/07/26,16:22,昼,280,牛乳
R0618,東区,女性,10代,木,2024/02/07,22:24,夜,339,牛乳
R0619,東区,女性,10代,火,2024/02/01,22:09,夜,748,ジュース 栄養ドリンク
R0620,東区,女性,10代,木,2024/03/29,15:07,昼,458,肉まん 弁当
R0621,東区,女性,50代,火,2024/12/07,21:59,夜,813,肉まん 弁当 カップ麺
R0622,東区,男性,60代以上,木,2024/03/06,08:24,朝,691,弁当 肉まん 野菜ジュース
R0623,東区,女性,20代,木,2024/04/28,14:07,昼,1035,弁当 カップ麺 缶コーヒー
R0624,東区,男性,20代,木,2024/10/15,19:55,夜,724,キャンディ アイス 炭酸飲料 チョコレート
R0625,東区,男性,60代以上,火,2024/12/13,22:32,夜,395,ジュース
R0626,東区,女性,40代,火,2024/02/21,09:39,朝,831,洗剤 ティッシュ トイレットペーパー 歯ブラシ
R0627,東区,男性,40代,水,2024/10/26,07:17,朝,915,カップ麺 缶コーヒー 冷凍食品
R0628,東区,男性,50代,木,2024/12/12,08:31,朝,1734,弁当 カップ麺 缶コーヒー 冷凍食品 ヨーグルト
R0629,東区,男性,40代,水,2024/08/29,22:51,夜,547,缶コーヒー お茶
R0630,東区,男性,30代,土,2024/05/14,17:35,夜,695,コーヒー ジュース
R0631,東区,女性,30代,木,2024/08/10,19:02,夜,913,おにぎり パン 牛乳 卵
R0632,東区,男性,60代以上,土,2024/09/21,10:38,朝,557,カップ麺 肉まん 弁当
R0633,東区,女性,50代,木,2024/05/26,10:33,朝,1239,弁当 肉まん 冷凍食品 ジュース
R0634,東区,女性,30代,日,2024/03/22,15:44,昼,1117,冷凍食品 缶コーヒー 肉まん カップ麺
R0635,東区,男性,20代,日,2024/12/02,14:33,昼,1630,缶コーヒー 肉まん 弁当 おにぎり
R0636,東区,男性,40代,日,2024/01/20,16:22,昼,552,お茶 ジュース サンドイッチ
R0637,東区,女性,60代以上,土,2024/12/27,19:10,夜,1976,パン 牛乳 卵 おにぎり 洗剤
R0638,東区,男性,60代以上,土,2024/06/25,13:13,昼,855,缶コーヒー ポテトチップス
R0639,東区,男性,20代,日,2024/08/12,12:52,昼,641,牛乳 おにぎり
R0640,東区,女性,40代,火,2024/06/11,09:40,朝,602,ジュース サンドイッチ
R0641,東区,女性,30代,火,2024/08/06,20:44,夜,1025,カップ麺 肉まん アイス
R0642,東区,女性,50代,火,2024/06/25,11:14,昼,1103,牛乳 おにぎり 卵 パン
R0643,東区,男性,30代,木,2024/09/15,08:00,朝,1186,缶コーヒー 冷凍食品 肉まん カップ麺
R0644,東区,男性,10代,日,2024/10/05,10:19,朝,429,缶コーヒー 弁当
R0645,東区,男性,10代,月,2024/10/12,10:50,朝,719,お茶 キャンディ
R0646,東区,男性,50代,金,2024/07/29,13:26,昼,1043,肉まん 冷凍食品 カップ麺 ジュース
R0647,東区,男性,40代,火,2024/07/27,14:12,昼,943,サンドイッチ コーヒー ジュース
R0648,東区,男性,20代,水,2024/12/17,19:26,夜,569,冷凍食品 弁当 缶コーヒー
R0649,東区,男性,10代,土,2024/05/25,12:36,昼,1161,弁当 カップ麺 缶コーヒー 冷凍食品
R0650,東区,男性,10代,金,2024/07/22,16:55,昼,560,缶コーヒー 弁当
R0651,東区,女性,50代,火,2024/06/09,12:00,昼,1199,トイレットペーパー 歯ブラシ シャンプー
R0652,東区,女性,20代,月,2024/09/23,11:41,昼,705,弁当 肉まん 缶コーヒー 冷凍食品
R0653,東区,女性,20代,金,2024/10/17,11:16,昼,526,カップ麺 野菜ジュース
R0654,東区,女性,30代,土,2024/11/03,12:04,昼,372,弁当
R0655,東区,女性,10代,金,2024/03/23,08:24,朝,429,コーヒー 洗剤
R0656,東区,女性,30代,土,2024/12/22,17:48,夜,757,卵 おにぎり
R0657,東区,女性,50代,火,2024/07/19,11:21,昼,1114,カップ麺 冷凍食品 肉まん 弁当
R0658,東区,男性,40代,土,2024/11/16,22:44,夜,1457,サンドイッチ コーヒー お茶 ジュース 缶コーヒー
R0659,東区,男性,10代,日,2024/03/16,08:49,朝,363,缶コーヒー チョコレート
R0660,東区,女性,60代以上,日,2024/05/02,18:52,夜,201,缶コーヒー
R0661,東区,女性,50代,金,2024/04/22,14:57,昼,1190,弁当 冷凍食品 肉まん カップ麺
R0662,東区,男性,30代,土,2024/01/22,20:36,夜,1471,洗剤 シャンプー トイレットペーパー 歯ブラシ
R0663,東区,男性,50代,火,2024/11/01,07:11,朝,956,弁当 冷凍食品 カップ麺 缶コーヒー
R0664,東区,男性,40代,火,2024/04/27,09:30,朝,605,肉まん 弁当 カップ麺
R0665,東区,女性,30代,土,2024/02/17,17:13,夜,1209,冷凍食品 弁当 肉まん 缶コーヒー
R0666,東区,女性,40代,木,2024/05/07,21:35,夜,531,サンドイッチ 栄養ドリンク
R0667,東区,男性,30代,木,2024/12/28,22:04,夜,452,パン
R0668,東区,男性,40代,木,2024/01/10,19:23,夜,1346,歯ブラシ 洗剤 ティッシュ トイレットペーパー
R0669,東区,女性,50代,日,2024/05/17,11:50,昼,1112,肉まん カップ麺 冷凍食品
R0670,東区,女性,40代,金,2024/03/01,09:22,朝,586,カップ麺 冷凍食品 コーヒー
R0671,東区,男性,50代,月,2024/03/02,16:02,昼,1001,肉まん 弁当 冷凍食品 缶コーヒー キャンディ
R0672,東区,男性,50代,金,2024/09/07,15:30,昼,425,弁当
R0673,東区,男性,20代,土,2024/01/16,17:02,夜,297,肉まん おにぎり
R0674,東区,女性,20代,金,2024/09/22,17:41,夜,608,トイレットペーパー 牛乳
R0675,東区,男性,40代,火,2024/04/26,19:48,夜,725,フルーツ ヨーグルト 野菜ジュース キャンディ
R0676,東区,女性,30代,金,2024/01/03,15:24,昼,1352,冷凍食品 弁当 カップ麺 ガム
R0677,東区,女性,20代,水,2024/05/18,08:28,朝,795,コーヒー ジュース
R0678,東区,男性,40代,金,2024/05/15,09:15,朝,1345,フルーツ 野菜ジュース サラダ 栄養ドリンク
R0679,東区,女性,50代,木,2024/01/13,19:14,夜,452,缶コーヒー
R0680,東区,男性,30代,木,2024/12/12,17:00,夜,706,パン 牛乳 卵
R0681,東区,男性,40代,木,2024/06/12,17:18,夜,395,卵 おにぎり
R0682,東区,女性,60代以上,水,2024/12/03,07:18,朝,867,おにぎり 牛乳 パン
R0683,東区,女性,30代,日,2024/08/14,11:17,昼,1855,肉まん カップ麺 弁当 缶コーヒー 洗剤
R0684,東区,男性,40代,火,2024/02/25,08:20,朝,847,フルーツ 栄養ドリンク 野菜ジュース ヨーグルト
R0685,東区,女性,30代,木,2024/10/04,12:49,昼,822,冷凍食品 肉まん 弁当
R0686,東区,女性,20代,日,2024/06/07,11:36,昼,305,シャンプー
R0687,東区,男性,10代,月,2024/11/06,18:32,夜,1590,肉まん 冷凍食品 弁当 ヨーグルト
R0688,東区,男性,60代以上,火,2024/05/03,10:38,朝,415,ジュース
R0689,東区,男性,20代,火,2024/05/09,18:18,夜,391,冷凍食品
R0690,東区,男性,30代,月,2024/02/10,15:43,昼,700,ジュース 缶コーヒー
R0691,東区,男性,40代,金,2024/09/27,22:50,夜,809,冷凍食品 弁当 肉まん カップ麺 ヨーグルト
R0692,東区,男性,60代以上,月,2024/11/24,18:14,夜,1023,カップ麺 缶コーヒー 肉まん 栄養ドリンク
R0693,東区,男性,30代,火,2024/11/03,21:45,夜,1260,冷凍食品 弁当 肉まん チョコレート
R0694,東区,男性,60代以上,金,2024/11/04,14:07,昼,1221,弁当 カップ麺 炭酸飲料
R0695,東区,女性,40代,火,2024/03/15,15:35,昼,215,冷凍食品
R0696,東区,男性,60代以上,月,2024/01/11,14:15,昼,708,フルーツ 栄養ドリンク ヨーグルト サラダ
R0697,東区,女性,60代以上,土,2024/03/29,09:51,朝,775,缶コーヒー 肉まん 弁当 冷凍食品
R0698,東区,女性,20代,月,2024/02/15,21:10,夜,586,冷凍食品 チョコレート
R0699,東区,男性,50代,日,2024/05/07,11:43,昼,1233,パン おにぎり 卵
R0700,東区,男性,50代,金,2024/08/23,21:32,夜,765,弁当 肉まん
R0701,東区,女性,20代,木,2024/04/28,22:36,夜,628,カップ麺 弁当 冷凍食品
R0702,東区,男性,60代以上,金,2024/10/20,22:06,夜,592,おにぎり パン キャンディ
R0703,東区,女性,40代,火,2024/04/10,21:33,夜,572,缶コーヒー 冷凍食品 炭酸飲料
R0704,東区,男性,40代,日,2024/06/11,10:33,朝,1498,冷凍食品 カップ麺 缶コーヒー 弁当 歯ブラシ
R0705,東区,男性,10代,金,2024/07/18,12:13,昼,586,ジュース お茶 サンドイッチ
R0706,東区,男性,10代,火,2024/07/29,07:36,朝,284,トイレットペーパー シャンプー
R0707,東区,男性,30代,日,2024/02/03,09:58,朝,1381,ジュース お茶 コーヒー サンドイッチ
R0708,東区,女性,60代以上,金,2024/09/30,17:59,夜,561,弁当 肉まん カップ麺
R0709,東区,男性,10代,土,2024/01/22,14:01,昼,280,洗剤
R0710,東区,男性,20代,土,2024/09/04,20:03,夜,1443,冷凍食品 缶コーヒー 肉まん 弁当
R0711,東区,女性,20代,木,2024/05/20,14:27,昼,948,サラダ 栄養ドリンク 牛乳
R0712,東区,男性,30代,木,2024/06/21,16:32,昼,1374,アイス ガム チョコレート 卵
R0713,東区,女性,30代,木,2024/04/15,14:38,昼,262,カップ麺
R0714,東区,男性,60代以上,火,2024/06/13,11:50,昼,1014,お茶 コーヒー 牛乳
R0715,東区,女性,50代,木,2024/07/17,07:58,朝,855,パン 卵 牛乳 おにぎり
R0716,東区,男性,30代,土,2024/08/24,07:27,朝,1135,冷凍食品 缶コーヒー 弁当 カップ麺 アイス
R0717,東区,男性,50代,金,2024/11/29,10:53,朝,1079,歯ブラシ シャンプー 洗剤 トイレットペーパー 缶コーヒー
R0718,東区,女性,40代,日,2024/10/05,10:40,朝,1136,卵 パン 牛乳 おにぎり
R0719,東区,女性,60代以上,水,2024/08/22,08:49,朝,1206,パン 牛乳 卵
R0720,東区,男性,50代,土,2024/06/05,12:17,昼,380,ジュース
R0721,東区,女性,20代,金,2024/02/16,21:12,夜,696,弁当 缶コーヒー カップ麺
R0722,東区,女性,60代以上,土,2024/10/01,14:04,昼,389,サンドイッチ お茶
R0723,東区,女性,50代,木,2024/03/06,21:58,夜,679,洗剤 トイレットペーパー ティッシュ
R0724,東区,男性,50代,火,2024/06/06,18:41,夜,718,卵 牛乳
R0725,東区,女性,60代以上,水,2024/04/28,11:45,昼,548,洗剤 ティッシュ
R0726,東区,男性,60代以上,木,2024/07/13,07:56,朝,424,ガム シャンプー
R0727,東区,男性,30代,金,2024/06/04,17:29,夜,398,パン おにぎり
R0728,東区,女性,40代,土,2024/08/18,16:26,昼,340,卵 牛乳
R0729,東区,女性,40代,月,2024/09/30,22:55,夜,853,お茶 ジュース サンドイッチ コーヒー
R0730,東区,男性,50代,土,2024/03/03,14:22,昼,617,牛乳 おにぎり パン 卵
R0731,東区,男性,10代,金,2024/03/24,08:26,朝,439,カップ麺 サラダ
R0732,東区,男性,50代,金,2024/09/04,18:38,夜,253,サンドイッチ
R0733,東区,男性,10代,水,2024/12/15,14:40,昼,863,おにぎり パン
R0734,東区,男性,60代以上,月,2024/01/30,14:03,昼,670,栄養ドリンク サラダ ヨーグルト
R0735,東区,男性,20代,日,2024/01/31,12:55,昼,261,肉まん
R0736,東区,女性,50代,土,2024/04/14,14:01,昼,401,缶コーヒー
R0737,東区,男性,30代,木,2024/07/10,13:44,昼,328,サンドイッチ
R0738,東区,男性,10代,水,2024/04/10,10:07,朝,179,パン
R0739,東区,女性,10代,木,2024/05/19,13:37,昼,1078,ティッシュ シャンプー 洗剤 卵
R0740,東区,女性,50代,月,2024/01/19,20:15,夜,1237,パン おにぎり 牛乳 卵
R0741,東区,男性,50代,月,2024/02/20,15:30,昼,526,缶コーヒー 炭酸飲料
R0742,東区,男性,10代,火,2024/05/05,14:33,昼,971,牛乳 おにぎり パン 卵
R0743,東区,女性,50代,火,2024/05/28,18:49,夜,927,缶コーヒー カップ麺 冷凍食品
R0744,東区,男性,60代以上,土,2024/08/15,13:40,昼,606,缶コーヒー 肉まん カップ麺
R0745,東区,男性,50代,土,2024/12/08,22:28,夜,1936,ジュース お茶 サンドイッチ コーヒー 栄養ドリンク
R0746,東区,男性,30代,木,2024/06/07,15:24,昼,561,弁当 カップ麺
R0747,東区,男性,10代,火,2024/08/28,08:17,朝,528,ティッシュ シャンプー
R0748,東区,男性,10代,火,2024/03/07,20:19,夜,610,サラダ 栄養ドリンク
R0749,東区,女性,50代,火,2024/08/06,22:20,夜,665,肉まん 冷凍食品 弁当 歯ブラシ
R0750,東区,男性,30代,木,2024/12/09,16:07,昼,524,おにぎり ポテトチップス
R0751,東区,女性,10代,金,2024/11/17,15:18,昼,1361,弁当 カップ麺 冷凍食品 お茶
R0752,東区,男性,20代,金,2024/11/21,13:36,昼,983,フルーツ 栄養ドリンク 炭酸飲料
R0753,東区,女性,10代,日,2024/01/20,18:29,夜,755,ジュース お茶
R0754,東区,女性,60代以上,日,2024/09/07,19:59,夜,714,卵 おにぎり
R0755,東区,女性,40代,土,2024/08/28,13:05,昼,1224,ジュース サンドイッチ コーヒー
R0756,東区,女性,30代,土,2024/02/25,18:57,夜,1027,弁当 肉まん 缶コーヒー 牛乳
R0757,東区,男性,50代,金,2024/04/30,22:09,夜,816,カップ麺 缶コーヒー 冷凍食品
R0758,東区,女性,10代,火,2024/07/07,07:33,朝,603,ヨーグルト 栄養ドリンク
R0759,東区,女性,40代,土,2024/05/12,22:30,夜,538,弁当 キャンディ
R0760,東区,男性,50代,金,2024/04/14,11:31,昼,316,カップ麺
R0761,東区,男性,10代,金,2024/12/22,18:46,夜,391,卵
R0762,東区,女性,20代,金,2024/10/21,12:05,昼,909,卵 牛乳 おにぎり パン
R0763,東区,男性,50代,火,2024/10/13,17:43,夜,643,卵 ガム
R0764,東区,男性,40代,月,2024/03/25,21:56,夜,744,歯ブラシ ティッシュ トイレットペーパー
R0765,東区,男性,30代,土,2024/10/28,21:40,夜,1018,コーヒー お茶 栄養ドリンク
R0766,東区,男性,20代,土,2024/05/26,17:32,夜,795,おにぎり パン 牛乳
R0767,東区,男性,60代以上,土,2024/04/10,18:31,夜,903,カップ麺 冷凍食品 肉まん 栄養ドリンク
R0768,東区,男性,40代,日,2024/06/23,18:52,夜,1242,パン 牛乳 卵 おにぎり
R0769,東区,男性,30代,金,2024/08/10,08:16,朝,1386,フルーツ ヨーグルト 栄養ドリンク おにぎり
R0770,東区,女性,20代,金,2024/08/24,13:30,昼,1577,缶コーヒー 冷凍食品 カップ麺 肉まん
R0771,東区,女性,10代,日,2024/10/08,17:19,夜,643,コーヒー サンドイッチ ジュース
R0772,東区,女性,30代,火,2024/10/18,18:44,夜,418,卵 おにぎり
R0773,東区,女性,40代,水,2024/01/01,11:48,昼,684,コーヒー お茶
R0774,東区,女性,60代以上,日,2024/02/04,19:34,夜,625,カップ麺 冷凍食品
R0775,東区,男性,20代,木,2024/01/02,20:42,夜,453,カップ麺 ガム
R0776,東区,女性,60代以上,水,2024/06/16,18:41,夜,902,冷凍食品 缶コーヒー カップ麺 弁当
R0777,東区,女性,10代,木,2024/08/12,20:27,夜,189,カップ麺
R0778,東区,女性,10代,月,2024/10/21,20:44,夜,1457,肉まん 弁当 カップ麺 冷凍食品
R0779,東区,男性,10代,土,2024/03/19,18:47,夜,494,弁当 おにぎり
R0780,東区,女性,30代,土,2024/12/11,09:46,朝,316,サンドイッチ
R0781,東区,女性,40代,木,2024/07/19,10:11,朝,518,ポテトチップス キャンディ
R0782,東区,男性,30代,土,2024/08/04,15:29,昼,794,洗剤 トイレットペーパー
R0783,東区,男性,10代,金,2024/01/20,15:43,昼,1361,ジュース コーヒー お茶 サンドイッチ 栄養ドリンク
R0784,東区,女性,20代,火,2024/03/18,16:30,昼,1475,缶コーヒー カップ麺 弁当 冷凍食品
R0785,東区,男性,30代,土,2024/07/25,19:36,夜,708,弁当 缶コーヒー 肉まん カップ麺
R0786,東区,男性,40代,木,2024/04/28,09:34,朝,586,牛乳 卵 キャンディ
R0787,東区,女性,40代,木,2024/03/03,13:56,昼,1196,カップ麺 冷凍食品 缶コーヒー 肉まん ジュース
R0788,東区,男性,60代以上,日,2024/03/07,12:19,昼,1492,おにぎり 卵 パン 牛乳
R0789,東区,男性,40代,火,2024/05/14,09:01,朝,775,お茶 弁当
R0790,東区,女性,50代,金,2024/09/13,18:33,夜,559,卵 牛乳 おにぎり
R0791,東区,女性,10代,火,2024/03/11,17:46,夜,410,サラダ 栄養ドリンク ヨーグルト
R0792,東区,男性,10代,土,2024/05/29,20:24,夜,1348,卵 パン おにぎり 栄養ドリンク
R0793,東区,男性,50代,木,2024/02/20,10:36,朝,687,牛乳 卵 パン
R0794,東区,女性,20代,火,2024/10/11,18:31,夜,1028,炭酸飲料 チョコレート ポテトチップス
R0795,東区,男性,10代,火,2024/08/06,08:52,朝,569,サンドイッチ 洗剤
R0796,東区,女性,60代以上,日,2024/09/06,18:21,夜,266,肉まん
R0797,東区,女性,20代,火,2024/09/30,13:26,昼,678,カップ麺 弁当
R0798,東区,男性,10代,金,2024/11/03,12:46,昼,1900,冷凍食品 弁当 肉まん カップ麺 牛乳
R0799,東区,男性,30代,火,2024/05/09,09:31,朝,721,弁当 冷凍食品
R0800,東区,男性,40代,木,2024/09/15,09:35,朝,777,冷凍食品 カップ麺
R0801,東区,女性,10代,木,2024/08/07,11:27,昼,1071,コーヒー サンドイッチ ジュース ポテトチップス
R0802,東区,男性,20代,土,2024/05/23,19:09,夜,417,パン 牛乳
R0803,東区,女性,50代,土,2024/03/18,16:11,昼,340,卵 牛乳
R0804,東区,女性,10代,木,2024/12/05,16:16,昼,423,コーヒー
R0805,東区,女性,20代,土,2024/01/14,20:00,夜,452,冷凍食品 缶コーヒー
R0806,東区,男性,50代,火,2024/12/27,15:43,昼,1951,パン おにぎり 牛乳 卵 洗剤
R0807,東区,男性,30代,土,2024/08/12,09:48,朝,698,歯ブラシ 卵
R0808,東区,女性,50代,木,2024/06/25,19:48,夜,268,弁当
R0809,東区,男性,30代,日,2024/05/03,08:39,朝,425,弁当 缶コーヒー
R0810,東区,女性,60代以上,日,2024/04/11,17:02,夜,717,歯ブラシ アイス
R0811,東区,女性,30代,日,2024/11/06,10:21,朝,847,卵 パン おにぎり
R0812,東区,女性,20代,火,2024/10/03,17:49,夜,325,弁当
R0813,東区,男性,30代,月,2024/03/15,09:12,朝,456,カップ麺 冷凍食品
R0814,東区,男性,50代,土,2024/05/23,07:10,朝,853,冷凍食品 カップ麺 弁当 肉まん
R0815,東区,女性,60代以上,火,2024/06/28,19:23,夜,732,肉まん 弁当
R0816,東区,男性,50代,月,2024/12/04,15:07,昼,441,ジュース
R0817,東区,男性,50代,月,2024/08/23,08:33,朝,1668,肉まん 缶コーヒー 弁当 冷凍食品 おにぎり
R0818,東区,女性,20代,火,2024/04/30,22:08,夜,249,ジュース
R0819,東区,女性,50代,火,2024/03/27,18:40,夜,645,炭酸飲料 アイス
R0820,東区,男性,10代,金,2024/03/28,14:21,昼,718,ティッシュ 歯ブラシ
R0821,東区,女性,50代,日,2024/05/17,16:54,昼,686,おにぎり パン 牛乳 卵
R0822,東区,男性,60代以上,火,2024/07/30,19:02,夜,1277,肉まん 冷凍食品 缶コーヒー 弁当
R0823,東区,女性,20代,木,2024/06/27,11:06,昼,844,おにぎり 牛乳 パン
R0824,東区,男性,60代以上,日,2024/04/23,15:04,昼,232,野菜ジュース
R0825,東区,女性,40代,木,2024/11/18,19:37,夜,1854,野菜ジュース ヨーグルト フルーツ サラダ ポテトチップス
R0826,東区,男性,60代以上,水,2024/04/24,08:43,朝,1395,コーヒー サンドイッチ ジュース 牛乳
R0827,東区,男性,10代,日,2024/07/25,13:00,昼,1180,肉まん 冷凍食品 カップ麺 缶コーヒー
R0828,東区,女性,30代,金,2024/10/01,18:02,夜,1537,弁当 冷凍食品 缶コーヒー 肉まん 野菜ジュース
R0829,東区,男性,10代,日,2024/09/05,18:43,夜,849,カップ麺 冷凍食品 缶コーヒー 弁当
R0830,東区,男性,60代以上,月,2024/11/30,11:41,昼,748,卵 パン 牛乳
R0831,東区,男性,20代,金,2024/07/18,13:59,昼,845,肉まん カップ麺 缶コーヒー 冷凍食品 洗剤
R0832,東区,男性,50代,月,2024/03/14,14:18,昼,742,缶コーヒー 冷凍食品 肉まん
R0833,東区,男性,20代,木,2024/05/01,08:16,朝,920,おにぎり 牛乳 卵 シャンプー
R0834,東区,男性,60代以上,金,2024/12/10,21:08,夜,1646,ジュース お茶 コーヒー サンドイッチ
R0835,東区,男性,60代以上,木,2024/03/12,22:39,夜,282,おにぎり
R0836,東区,女性,20代,月,2024/02/20,09:50,朝,281,カップ麺
R0837,東区,女性,10代,水,2024/07/02,07:47,朝,461,シャンプー
R0838,東区,女性,20代,日,2024/06/07,22:59,夜,1466,カップ麺 缶コーヒー 冷凍食品 弁当 キャンディ
R0839,東区,男性,40代,土,2024/01/08,13:35,昼,749,パン おにぎり
R0840,東区,女性,20代,土,2024/12/10,13:07,昼,273,チョコレート
R0841,東区,男性,20代,木,2024/12/12,07:52,朝,764,肉まん 缶コーヒー 弁当 冷凍食品 お茶
R0842,東区,女性,60代以上,火,2024/02/08,21:13,夜,1111,缶コーヒー カップ麺 肉まん
R0843,東区,女性,10代,土,2024/05/10,18:30,夜,1203,牛乳 卵 おにぎり
R0844,東区,男性,30代,日,2024/11/09,22:48,夜,584,肉まん 缶コーヒー 冷凍食品
R0845,東区,女性,60代以上,金,2024/12/27,17:15,夜,403,牛乳
R0846,東区,男性,50代,日,2024/10/12,11:02,昼,332,フルーツ
R0847,東区,女性,50代,火,2024/08/27,16:34,昼,555,冷凍食品 缶コーヒー キャンディ
R0848,東区,女性,10代,金,2024/07/24,19:25,夜,621,弁当 冷凍食品
R0849,東区,男性,40代,月,2024/06/12,22:08,夜,783,サンドイッチ お茶
R0850,東区,女性,40代,火,2024/07/06,12:33,昼,854,弁当 お茶
R0851,東区,女性,40代,金,2024/11/23,20:57,夜,406,コーヒー
R0852,東区,女性,20代,金,2024/12/08,17:49,夜,1948,カップ麺 缶コーヒー 冷凍食品 肉まん おにぎり
R0853,東区,男性,10代,水,2024/09/27,19:29,夜,657,冷凍食品 ジュース
R0854,東区,女性,60代以上,火,2024/08/12,15:56,昼,798,缶コーヒー 冷凍食品
R0855,東区,男性,40代,木,2024/09/21,14:23,昼,1126,缶コーヒー 肉まん カップ麺 弁当 サンドイッチ
R0856,東区,男性,10代,水,2024/02/14,16:12,昼,1048,缶コーヒー 冷凍食品 カップ麺
R0857,東区,男性,20代,水,2024/06/23,17:05,夜,1618,冷凍食品 肉まん 弁当 カップ麺
R0858,東区,女性,20代,土,2024/01/26,08:10,朝,1274,冷凍食品 弁当 肉まん 缶コーヒー
R0859,東区,女性,50代,木,2024/04/19,11:38,昼,1416,パン 牛乳 卵 野菜ジュース
R0860,東区,男性,40代,水,2024/12/20,22:14,夜,262,パン
R0861,東区,男性,30代,木,2024/10/28,10:55,朝,750,コーヒー ジュース
R0862,東区,男性,60代以上,火,2024/08/14,12:42,昼,648,フルーツ 栄養ドリンク サラダ
R0863,東区,女性,30代,木,2024/01/25,15:22,昼,1638,卵 おにぎり パン 牛乳
R0864,東区,女性,40代,土,2024/10/21,16:53,昼,272,牛乳
R0865,東区,男性,50代,金,2024/09/12,11:27,昼,1023,弁当 缶コーヒー 肉まん カップ麺
R0866,東区,男性,10代,日,2024/09/03,22:59,夜,224,缶コーヒー
R0867,東区,男性,40代,水,2024/10/30,15:13,昼,718,缶コーヒー 野菜ジュース
R0868,東区,女性,40代,木,2024/01/01,11:33,昼,1195,肉まん 缶コーヒー 冷凍食品 ポテトチップス
R0869,東区,女性,20代,木,2024/03/20,21:48,夜,668,牛乳 パン
R0870,東区,女性,10代,日,2024/01/21,21:06,夜,1404,卵 牛乳 おにぎり パン
R0871,東区,男性,60代以上,土,2024/10/26,12:13,昼,337,お茶
R0872,東区,女性,20代,日,2024/09/25,13:14,昼,1552,シャンプー 歯ブラシ トイレットペーパー ティッシュ
R0873,東区,女性,20代,土,2024/08/20,18:08,夜,445,カップ麺
R0874,東区,男性,20代,金,2024/05/06,08:17,朝,1132,歯ブラシ トイレットペーパー ティッシュ 洗剤
R0875,東区,女性,10代,月,2024/03/17,15:01,昼,835,弁当 肉まん 冷凍食品 カップ麺
R0876,東区,男性,30代,月,2024/10/20,21:25,夜,859,缶コーヒー 冷凍食品 カップ麺
R0877,東区,男性,60代以上,日,2024/03/31,16:33,昼,574,野菜ジュース サラダ フルーツ
R0878,東区,女性,30代,火,2024/06/10,18:37,夜,226,卵
R0879,東区,女性,40代,月,2024/09/20,11:39,昼,946,パン 卵 おにぎり
R0880,東区,女性,60代以上,月,2024/05/15,22:48,夜,757,肉まん 缶コーヒー
R0881,東区,女性,50代,火,2024/01/31,20:09,夜,758,パン 卵 おにぎり 牛乳 チョコレート
R0882,東区,女性,30代,水,2024/10/03,08:22,朝,355,冷凍食品 缶コーヒー
R0883,東区,男性,20代,金,2024/08/05,15:23,昼,462,肉まん カップ麺
R0884,東区,男性,50代,月,2024/11/23,12:15,昼,318,肉まん
R0885,東区,女性,10代,木,2024/02/19,12:25,昼,291,冷凍食品
R0886,東区,女性,10代,金,2024/07/06,09:07,朝,254,サンドイッチ
R0887,東区,女性,20代,月,2024/06/19,14:07,昼,631,肉まん 缶コーヒー 弁当 冷凍食品
R0888,東区,男性,30代,月,2024/03/30,16:37,昼,960,洗剤 トイレットペーパー ティッシュ 歯ブラシ
R0889,東区,女性,50代,水,2024/09/27,12:52,昼,726,おにぎり サンドイッチ
R0890,東区,男性,10代,土,2024/02/13,12:46,昼,1040,カップ麺 弁当 缶コーヒー 冷凍食品
R0891,西区,女性,60代以上,日,2024/12/16,17:56,夜,1370,シャンプー トイレットペーパー 歯ブラシ パン
R0892,西区,女性,10代,金,2024/06/06,14:14,昼,1787,アイス ガム キャンディ 炭酸飲料 おにぎり
R0893,西区,女性,30代,土,2024/09/16,19:22,夜,986,ポテトチップス ガム アイス ヨーグルト
R0894,西区,男性,20代,金,2024/06/04,07:30,朝,371,缶コーヒー
R0895,西区,男性,40代,金,2024/05/23,16:01,昼,711,チョコレート アイス
R0896,西区,女性,30代,土,2024/03/25,12:03,昼,599,ガム チョコレート
R0897,西区,女性,30代,日,2024/05/24,08:00,朝,503,サンドイッチ お茶 コーヒー
R0898,西区,女性,40代,日,2024/06/18,22:14,夜,1222,アイス キャンディ チョコレート
R0899,西区,女性,20代,火,2024/01/17,22:41,夜,338,ポテトチップス
R0900,西区,男性,10代,金,2024/03/13,09:42,朝,802,お茶 コーヒー
R0901,西区,女性,60代以上,月,2024/04/11,22:39,夜,746,チョコレート アイス キャンディ 炭酸飲料
R0902,西区,女性,40代,日,2024/08/06,14:55,昼,647,トイレットペーパー お茶
R0903,西区,男性,10代,土,2024/09/18,11:00,昼,340,ジュース
R0904,西区,女性,30代,水,2024/06/11,11:30,昼,974,ジュース お茶 冷凍食品
R0905,西区,男性,40代,土,2024/01/12,21:31,夜,944,おにぎり パン 牛乳 卵
R0906,西区,女性,30代,土,2024/11/18,11:13,昼,1106,ポテトチップス 炭酸飲料 ガム 缶コーヒー
R0907,西区,女性,50代,金,2024/09/27,12:29,昼,289,キャンディ サンドイッチ
R0908,西区,男性,40代,土,2024/11/29,17:27,夜,819,フルーツ サラダ 野菜ジュース
R0909,西区,男性,50代,日,2024/08/28,13:25,昼,228,ガム
R0910,西区,女性,60代以上,土,2024/05/13,17:15,夜,1586,ガム ポテトチップス チョコレート アイス
R0911,西区,男性,60代以上,木,2024/10/17,21:40,夜,174,ポテトチップス
R0912,西区,女性,20代,金,2024/10/18,22:17,夜,1099,ガム キャンディ アイス
R0913,西区,男性,50代,金,2024/10/26,16:47,昼,407,キャンディ チョコレート
R0914,西区,女性,40代,土,2024/05/29,21:06,夜,566,弁当 肉まん カップ麺
R0915,西区,女性,40代,木,2024/03/01,15:41,昼,814,パン 卵
R0916,西区,女性,10代,火,2024/09/10,16:15,昼,676,おにぎり 卵 缶コーヒー
R0917,西区,女性,30代,火,2024/07/12,19:50,夜,389,歯ブラシ
R0918,西区,女性,20代,土,2024/08/10,11:16,昼,809,ガム サンドイッチ
R0919,西区,男性,60代以上,土,2024/04/20,17:09,夜,1384,お茶 サンドイッチ コーヒー ジュース
R0920,西区,女性,40代,火,2024/10/20,20:07,夜,480,アイス 炭酸飲料
R0921,西区,男性,30代,土,2024/12/28,19:51,夜,1269,チョコレート アイス キャンディ おにぎり
R0922,西区,女性,10代,土,2024/06/10,15:09,昼,1804,キャンディ ガム 炭酸飲料 アイス 歯ブラシ
R0923,西区,女性,60代以上,水,2024/11/22,21:51,夜,654,ガム アイス
R0924,西区,男性,60代以上,日,2024/05/06,15:56,昼,387,チョコレート 炭酸飲料
R0925,西区,女性,60代以上,月,2024/03/09,16:30,昼,671,サンドイッチ 弁当
R0926,西区,女性,10代,木,2024/04/02,09:14,朝,485,コーヒー サンドイッチ キャンディ
R0927,西区,男性,10代,金,2024/08/01,14:42,昼,565,カップ麺 冷凍食品
R0928,西区,男性,40代,水,2024/05/29,09:44,朝,761,冷凍食品 肉まん
R0929,西区,男性,50代,水,2024/09/29,16:59,昼,987,牛乳 おにぎり 卵
R0930,西区,女性,60代以上,水,2024/10/22,09:08,朝,765,キャンディ フルーツ
R0931,西区,男性,20代,日,2024/02/26,14:59,昼,1511,牛乳 パン おにぎり 卵 ティッシュ
R0932,西区,男性,60代以上,火,2024/11/19,11:40,昼,893,アイス ポテトチップス キャンディ
R0933,西区,女性,10代,水,2024/10/18,22:24,夜,276,洗剤
R0934,西区,女性,30代,水,2024/01/07,08:48,朝,210,卵
R0935,西区,女性,60代以上,土,2024/06/04,12:21,昼,734,キャンディ ポテトチップス ガム
R0936,西区,女性,40代,木,2024/05/29,22:45,夜,1605,おにぎり パン 卵 ポテトチップス
R0937,西区,女性,20代,日,2024/05/26,14:51,昼,411,ポテトチップス カップ麺
R0938,西区,女性,50代,火,2024/04/24,07:23,朝,262,弁当
R0939,西区,女性,60代以上,水,2024/01/03,13:40,昼,1211,牛乳 パン おにぎり 卵 ヨーグルト
R0940,西区,男性,60代以上,日,2024/06/20,14:40,昼,255,ポテトチップス
R0941,西区,女性,60代以上,水,2024/09/08,18:29,夜,920,パン 牛乳 卵 おにぎり
R0942,西区,男性,10代,木,2024/06/04,17:06,夜,393,冷凍食品
R0943,西区,男性,10代,日,2024/04/30,17:12,夜,1405,お茶 コーヒー サンドイッチ ジュース
R0944,西区,女性,10代,土,2024/07/01,22:10,夜,419,歯ブラシ ティッシュ
R0945,西区,女性,10代,日,2024/02/01,13:33,昼,1084,おにぎり 卵 洗剤
R0946,西区,女性,60代以上,月,2024/12/11,13:31,昼,1203,炭酸飲料 ポテトチップス キャンディ
R0947,西区,男性,10代,月,2024/01/27,17:23,夜,764,ガム ポテトチップス アイス 栄養ドリンク
R0948,西区,女性,30代,日,2024/02/19,20:16,夜,626,ガム アイス
R0949,西区,女性,60代以上,日,2024/09/27,09:04,朝,1190,アイス チョコレート ポテトチップス ガム 缶コーヒー
R0950,西区,男性,20代,日,2024/03/24,13:44,昼,895,冷凍食品 缶コーヒー カップ麺
R0951,西区,男性,10代,木,2024/02/22,17:40,夜,827,炭酸飲料 ガム
R0952,西区,女性,50代,月,2024/11/15,17:27,夜,1215,チョコレート 炭酸飲料 冷凍食品
R0953,西区,男性,20代,木,2024/06/30,10:44,朝,1070,ガム キャンディ 炭酸飲料 肉まん
R0954,西区,女性,10代,火,2024/05/22,22:32,夜,722,サンドイッチ ジュース お茶
R0955,西区,女性,40代,月,2024/12/21,08:14,朝,1365,サンドイッチ コーヒー ジュース お茶
R0956,西区,女性,60代以上,火,2024/06/09,13:32,昼,480,ガム コーヒー
R0957,西区,男性,10代,月,2024/12/05,19:48,夜,518,アイス おにぎり
R0958,西区,男性,60代以上,日,2024/01/24,13:53,昼,325,お茶
R0959,西区,女性,40代,日,2024/07/27,12:08,昼,1193,お茶 コーヒー 歯ブラシ
R0960,西区,女性,30代,金,2024/11/30,08:42,朝,1452,ポテトチップス チョコレート 炭酸飲料 アイス
R0961,西区,女性,20代,金,2024/06/12,17:41,夜,397,アイス
R0962,西区,女性,30代,火,2024/10/05,09:10,朝,1099,お茶 ジュース サンドイッチ コーヒー パン
R0963,西区,男性,40代,水,2024/08/16,08:51,朝,711,弁当 冷凍食品 トイレットペーパー
R0964,西区,女性,50代,金,2024/04/03,11:57,昼,397,コーヒー サンドイッチ
R0965,西区,男性,50代,水,2024/11/18,11:29,昼,866,炭酸飲料 ガム アイス
R0966,西区,女性,60代以上,土,2024/02/01,12:06,昼,976,野菜ジュース 栄養ドリンク ヨーグルト
R0967,西区,女性,40代,日,2024/09/26,22:29,夜,1002,キャンディ アイス ポテトチップス チョコレート
R0968,西区,男性,10代,水,2024/02/29,07:06,朝,489,牛乳 卵 パン
R0969,西区,男性,60代以上,土,2024/05/10,15:19,昼,395,ポテトチップス
R0970,西区,男性,20代,月,2024/01/06,15:01,昼,898,ポテトチップス 炭酸飲料 アイス
R0971,西区,男性,50代,火,2024/05/25,17:10,夜,912,アイス ガム チョコレート 炭酸飲料
R0972,西区,女性,10代,日,2024/03/17,07:04,朝,1753,アイス 炭酸飲料 チョコレート ガム シャンプー
R0973,西区,女性,30代,土,2024/03/02,12:01,昼,802,ティッシュ 歯ブラシ
R0974,西区,女性,30代,水,2024/01/02,16:02,昼,587,アイス チョコレート 炭酸飲料
R0975,西区,男性,30代,土,2024/04/15,10:39,朝,1132,チョコレート アイス 炭酸飲料 ポテトチップス
R0976,西区,女性,10代,月,2024/07/03,20:31,夜,968,サンドイッチ ジュース お茶 パン
R0977,西区,女性,10代,水,2024/06/02,08:21,朝,782,コーヒー お茶 サンドイッチ
R0978,西区,男性,60代以上,土,2024/04/20,18:10,夜,682,アイス ガム
R0979,西区,女性,20代,金,2024/01/10,21:00,夜,341,シャンプー
R0980,西区,女性,20代,日,2024/04/12,10:52,朝,162,おにぎり
R0981,西区,女性,30代,土,2024/10/09,11:14,昼,1203,おにぎり パン 卵
R0982,西区,男性,20代,木,2024/02/06,18:53,夜,534,肉まん 冷凍食品
R0983,西区,男性,60代以上,金,2024/04/06,13:18,昼,262,ポテトチップス
R0984,西区,女性,30代,日,2024/07/27,19:58,夜,303,お茶 サンドイッチ
R0985,西区,男性,10代,木,2024/06/12,14:30,昼,540,チョコレート 炭酸飲料
R0986,西区,女性,40代,日,2024/05/22,15:21,昼,193,炭酸飲料
R0987,西区,女性,50代,木,2024/03/17,17:45,夜,508,パン 卵 アイス
R0988,西区,女性,50代,火,2024/04/20,11:24,昼,313,パン 牛乳
R0989,西区,男性,50代,火,2024/06/07,17:21,夜,833,チョコレート キャンディ ガム
R0990,西区,男性,20代,水,2024/04/01,11:39,昼,743,アイス チョコレート キャンディ ポテトチップス
R0991,西区,男性,10代,日,2024/08/20,10:46,朝,757,ヨーグルト 卵
R0992,西区,男性,20代,日,2024/05/04,17:12,夜,768,シャンプー 歯ブラシ
R0993,西区,男性,20代,木,2024/02/03,13:01,昼,472,炭酸飲料 アイス 栄養ドリンク
R0994,西区,男性,40代,金,2024/03/26,18:10,夜,614,サンドイッチ ジュース
R0995,西区,女性,40代,木,2024/08/01,07:14,朝,791,牛乳 パン
R0996,西区,男性,20代,金,2024/03/16,22:20,夜,1097,コーヒー サンドイッチ ジュース 炭酸飲料
R0997,西区,女性,60代以上,火,2024/04/01,15:58,昼,762,ガム チョコレート アイス ポテトチップス
R0998,西区,女性,30代,火,2024/08/15,09:47,朝,886,卵 おにぎり
R0999,西区,男性,40代,水,2024/02/07,18:03,夜,1638,アイス チョコレート ポテトチップス ガム
R1000,西区,男性,20代,水,2024/03/11,21:22,夜,1130,歯ブラシ トイレットペーパー ジュース
R1001,西区,女性,30代,日,2024/10/19,12:24,昼,736,キャンディ 炭酸飲料 トイレットペーパー
R1002,西区,男性,60代以上,月,2024/04/18,22:37,夜,1503,ヨーグルト サラダ フルーツ 野菜ジュース サンドイッチ
R1003,西区,男性,40代,水,2024/11/30,15:18,昼,720,キャンディ ポテトチップス
R1004,西区,女性,20代,火,2024/05/17,12:01,昼,139,冷凍食品
R1005,西区,男性,30代,日,2024/05/29,16:49,昼,740,炭酸飲料 アイス キャンディ
R1006,西区,男性,20代,月,2024/01/04,12:41,昼,786,ガム アイス キャンディ
R1007,西区,男性,20代,水,2024/02/03,07:51,朝,567,カップ麺 コーヒー
R1008,西区,男性,60代以上,水,2024/04/22,17:27,夜,271,キャンディ
R1009,西区,男性,30代,木,2024/02/29,16:31,昼,278,シャンプー
R1010,西区,女性,10代,木,2024/01/12,22:25,夜,568,お茶 ジュース
R1011,西区,男性,40代,月,2024/05/02,14:33,昼,1187,ポテトチップス キャンディ カップ麺
R1012,西区,男性,20代,水,2024/12/29,15:52,昼,909,チョコレート アイス ガム ティッシュ
R1013,西区,男性,40代,月,2024/05/21,16:06,昼,262,炭酸飲料
R1014,西区,女性,10代,日,2024/05/12,22:52,夜,1024,アイス 炭酸飲料 ガム
R1015,西区,男性,10代,日,2024/06/27,10:12,朝,711,ジュース お茶
R1016,西区,男性,20代,金,2024/09/21,11:35,昼,740,サンドイッチ お茶 キャンディ
R1017,西区,男性,10代,土,2024/12/02,11:44,昼,227,トイレットペーパー
R1018,西区,男性,40代,金,2024/10/09,17:38,夜,408,キャンディ ポテトチップス
R1019,西区,女性,10代,火,2024/04/25,15:47,昼,598,おにぎり 牛乳 卵
R1020,西区,女性,40代,木,2024/08/24,18:12,夜,1130,キャンディ ガム サンドイッチ
R1021,西区,男性,30代,水,2024/11/14,20:15,夜,706,チョコレート ガム キャンディ
R1022,西区,女性,10代,土,2024/09/10,12:29,昼,1684,炭酸飲料 チョコレート キャンディ ポテトチップス フルーツ
R1023,西区,男性,60代以上,火,2024/05/10,21:17,夜,414,ジュース
R1024,西区,男性,30代,土,2024/01/12,11:18,昼,408,アイス 牛乳
R1025,西区,男性,10代,木,2024/03/14,08:33,朝,689,缶コーヒー 弁当 ティッシュ
R1026,西区,男性,30代,日,2024/05/01,14:49,昼,955,お茶 サンドイッチ ジュース コーヒー
R1027,西区,男性,30代,金,2024/02/02,08:09,朝,1772,お茶 サンドイッチ コーヒー ジュース ガム
R1028,西区,女性,50代,土,2024/09/27,22:11,夜,400,トイレットペーパー 歯ブラシ
R1029,西区,男性,20代,木,2024/06/24,11:10,昼,1038,ガム キャンディ おにぎり
R1030,西区,女性,10代,土,2024/01/09,14:20,昼,908,ポテトチップス 炭酸飲料 アイス パン
R1031,西区,男性,50代,水,2024/12/05,11:16,昼,1347,チョコレート 炭酸飲料 ポテトチップス ガム
R1032,西区,女性,60代以上,土,2024/09/30,21:32,夜,785,肉まん カップ麺 冷凍食品
R1033,西区,女性,50代,土,2024/01/07,13:22,昼,687,サンドイッチ サラダ
R1034,西区,女性,10代,木,2024/05/18,13:32,昼,693,カップ麺 缶コーヒー 肉まん
R1035,西区,女性,20代,土,2024/03/26,10:50,朝,1838,牛乳 パン 卵 おにぎり ヨーグルト
R1036,西区,女性,20代,木,2024/01/16,13:00,昼,683,牛乳 おにぎり 缶コーヒー
R1037,西区,男性,20代,月,2024/02/20,16:58,昼,258,歯ブラシ
R1038,西区,男性,40代,木,2024/12/25,19:11,夜,482,サンドイッチ コーヒー
R1039,西区,男性,10代,水,2024/09/08,15:47,昼,1200,キャンディ ガム アイス
R1040,西区,女性,60代以上,土,2024/11/15,18:42,夜,760,卵 牛乳
R1041,西区,女性,50代,金,2024/01/06,16:18,昼,317,キャンディ
R1042,西区,女性,40代,金,2024/01/13,17:35,夜,367,コーヒー
R1043,西区,男性,40代,月,2024/09/01,09:02,朝,1073,サラダ ヨーグルト 栄養ドリンク カップ麺
R1044,西区,男性,40代,月,2024/12/03,11:05,昼,1180,トイレットペーパー 歯ブラシ 洗剤
R1045,西区,女性,10代,火,2024/10/08,08:56,朝,334,チョコレート
R1046,西区,男性,30代,月,2024/07/22,09:53,朝,682,おにぎり ヨーグルト
R1047,西区,女性,60代以上,木,2024/03/27,07:57,朝,430,野菜ジュース
R1048,西区,女性,20代,月,2024/01/16,19:56,夜,1048,サラダ フルーツ 栄養ドリンク
R1049,西区,男性,30代,月,2024/12/31,09:41,朝,1648,炭酸飲料 アイス ガム キャンディ 弁当
R1050,西区,女性,50代,金,2024/04/23,11:25,昼,649,卵 パン おにぎり
R1051,西区,男性,30代,木,2024/01/06,08:19,朝,775,サラダ 野菜ジュース
R1052,西区,女性,50代,火,2024/10/11,13:05,昼,1238,野菜ジュース サラダ ヨーグルト フルーツ キャンディ
R1053,西区,男性,20代,木,2024/11/06,17:43,夜,1096,ポテトチップス チョコレート アイス
R1054,西区,女性,40代,日,2024/01/15,13:38,昼,289,キャンディ
R1055,西区,女性,30代,木,2024/09/15,12:32,昼,123,ジュース
R1056,西区,女性,50代,火,2024/02/01,08:44,朝,367,炭酸飲料
R1057,西区,男性,10代,金,2024/12/05,18:27,夜,298,野菜ジュース
R1058,西区,女性,40代,月,2024/09/10,10:43,朝,751,ポテトチップス 炭酸飲料
R1059,西区,男性,10代,日,2024/09/24,15:11,昼,371,牛乳
R1060,西区,女性,50代,火,2024/05/22,18:41,夜,756,おにぎり 卵 パン
R1061,西区,女性,20代,日,2024/11/27,12:09,昼,447,キャンディ
R1062,西区,男性,50代,金,2024/10/19,17:04,夜,632,歯ブラシ ティッシュ
R1063,西区,女性,40代,月,2024/03/26,09:20,朝,997,アイス キャンディ 炭酸飲料 ポテトチップス 卵
R1064,西区,女性,40代,水,2024/06/16,14:08,昼,338,キャンディ
R1065,西区,女性,20代,土,2024/09/12,12:32,昼,665,ガム アイス キャンディ
R1066,西区,女性,20代,日,2024/03/19,13:57,昼,832,コーヒー ジュース お茶
R1067,西区,男性,30代,月,2024/06/24,13:47,昼,882,サンドイッチ コーヒー
R1068,西区,女性,10代,月,2024/11/07,22:00,夜,770,お茶 ジュース サンドイッチ コーヒー
R1069,西区,女性,30代,金,2024/03/30,10:54,朝,406,チョコレート キャンディ
R1070,西区,女性,40代,水,2024/12/07,19:49,夜,696,チョコレート アイス おにぎり
R1071,西区,男性,30代,火,2024/10/10,15:17,昼,901,チョコレート ポテトチップス キャンディ
R1072,西区,男性,60代以上,土,2024/11/06,13:34,昼,286,シャンプー
R1073,西区,女性,30代,火,2024/09/20,17:11,夜,579,牛乳 キャンディ
R1074,西区,女性,30代,土,2024/07/12,17:58,夜,1421,コーヒー サンドイッチ お茶 パン
R1075,西区,女性,30代,木,2024/08/14,07:24,朝,657,炭酸飲料 ガム チョコレート
R1076,西区,男性,40代,火,2024/01/20,21:45,夜,720,洗剤 トイレットペーパー ティッシュ 歯ブラシ
R1077,西区,女性,30代,水,2024/07/09,11:57,昼,1110,フルーツ サラダ ヨーグルト 野菜ジュース
R1078,西区,男性,10代,月,2024/01/05,15:06,昼,385,肉まん
R1079,西区,男性,30代,月,2024/08/29,20:36,夜,631,アイス 炭酸飲料 キャンディ
R1080,西区,女性,60代以上,水,2024/07/21,20:33,夜,932,コーヒー ジュース サンドイッチ お茶
R1081,西区,男性,20代,日,2024/01/24,18:50,夜,439,キャンディ カップ麺
R1082,西区,女性,60代以上,日,2024/09/17,11:07,昼,1035,炭酸飲料 チョコレート キャンディ アイス
R1083,西区,女性,10代,火,2024/07/30,15:38,昼,831,チョコレート キャンディ ポテトチップス
R1084,西区,男性,30代,日,2024/03/21,12:24,昼,415,ポテトチップス ガム
R1085,西区,男性,10代,土,2024/09/22,07:07,朝,649,炭酸飲料 肉まん
R1086,西区,女性,50代,金,2024/01/17,12:13,昼,740,ジュース お茶
R1087,西区,女性,10代,月,2024/02/10,11:37,昼,453,アイス ポテトチップス
R1088,西区,男性,50代,月,2024/11/14,12:08,昼,274,サンドイッチ
R1089,西区,男性,10代,木,2024/12/06,07:07,朝,1033,卵 パン 肉まん
R1090,西区,男性,10代,土,2024/06/20,20:29,夜,889,キャンディ チョコレート アイス
R1091,西区,男性,20代,火,2024/09/05,10:35,朝,327,卵 牛乳
R1092,西区,女性,30代,火,2024/01/08,20:09,夜,806,サンドイッチ ジュース お茶
R1093,西区,男性,50代,金,2024/08/16,10:39,朝,344,チョコレート キャンディ
R1094,西区,女性,10代,土,2024/09/10,22:33,夜,563,炭酸飲料 コーヒー
R1095,西区,男性,10代,土,2024/08/28,13:48,昼,727,チョコレート キャンディ
R1096,西区,男性,20代,火,2024/11/24,12:08,昼,346,肉まん
R1097,西区,女性,40代,金,2024/08/20,12:29,昼,797,チョコレート ガム 炭酸飲料
R1098,西区,女性,30代,火,2024/11/01,10:20,朝,814,おにぎり 卵
R1099,西区,男性,10代,水,2024/09/26,14:12,昼,1670,ガム 炭酸飲料 チョコレート ポテトチップス 歯ブラシ
R1100,西区,女性,50代,土,2024/08/18,07:20,朝,532,冷凍食品 カップ麺 缶コーヒー
R1101,西区,女性,30代,水,2024/06/13,13:25,昼,653,冷凍食品 肉まん カップ麺
R1102,西区,女性,20代,土,2024/10/08,17:09,夜,1557,チョコレート 炭酸飲料 ガム アイス 栄養ドリンク
R1103,西区,女性,30代,水,2024/10/30,08:04,朝,818,お茶 サンドイッチ
R1104,西区,女性,30代,火,2024/06/10,09:14,朝,671,チョコレート ガム
R1105,西区,男性,30代,火,2024/07/20,18:24,夜,1180,ポテトチップス ガム シャンプー
R1106,西区,男性,60代以上,月,2024/07/02,16:51,昼,1038,ポテトチップス ガム キャンディ
R1107,西区,男性,40代,月,2024/01/07,11:48,昼,641,おにぎり 牛乳 ポテトチップス
R1108,西区,男性,50代,火,2024/01/13,17:54,夜,227,チョコレート
R1109,西区,男性,50代,土,2024/02/12,19:03,夜,418,アイス 炭酸飲料
R1110,西区,女性,50代,月,2024/06/24,13:34,昼,1093,卵 おにぎり パン 牛乳
R1111,西区,男性,60代以上,金,2024/05/19,22:38,夜,940,炭酸飲料 ポテトチップス キャンディ チョコレート
R1112,西区,男性,40代,月,2024/01/10,10:27,朝,1539,パン おにぎり 牛乳 卵
R1113,西区,男性,40代,月,2024/10/09,21:37,夜,670,歯ブラシ シャンプー ティッシュ
R1114,西区,男性,20代,水,2024/11/16,12:06,昼,378,ポテトチップス
R1115,西区,女性,60代以上,月,2024/12/14,08:37,朝,612,卵 コーヒー
R1116,西区,女性,40代,土,2024/09/05,18:51,夜,585,お茶 アイス
R1117,西区,男性,10代,日,2024/01/28,14:49,昼,575,冷凍食品 カップ麺 缶コーヒー
R1118,西区,男性,50代,水,2024/12/23,19:12,夜,748,栄養ドリンク 野菜ジュース
R1119,西区,男性,10代,土,2024/08/07,17:59,夜,379,卵
R1120,西区,男性,40代,火,2024/03/14,12:33,昼,1712,ポテトチップス アイス 炭酸飲料 チョコレート シャンプー
R1121,西区,女性,10代,木,2024/05/10,17:57,夜,1171,アイス チョコレート ポテトチップス 洗剤
R1122,西区,男性,20代,火,2024/09/07,09:18,朝,463,サンドイッチ
R1123,西区,女性,20代,日,2024/06/04,21:08,夜,385,コーヒー お茶
R1124,西区,女性,10代,月,2024/09/20,10:01,朝,263,ジュース
R1125,西区,女性,50代,水,2024/03/23,14:03,昼,728,ヨーグルト サラダ フルーツ
R1126,西区,男性,40代,木,2024/07/07,19:09,夜,1144,アイス ガム 炭酸飲料 チョコレート トイレットペーパー
R1127,西区,女性,20代,土,2024/02/05,13:57,昼,810,炭酸飲料 チョコレート 洗剤
R1128,西区,男性,10代,水,2024/09/13,21:12,夜,1034,チョコレート ポテトチップス ガム キャンディ
R1129,西区,女性,10代,日,2024/06/05,21:41,夜,1170,サンドイッチ ジュース コーヒー
R1130,西区,男性,30代,金,2024/07/02,10:26,朝,264,パン
R1131,西区,男性,40代,土,2024/06/24,08:14,朝,740,炭酸飲料 キャンディ
R1132,西区,女性,40代,日,2024/11/15,18:14,夜,1179,パン おにぎり 卵 牛乳
R1133,西区,女性,50代,日,2024/11/27,08:46,朝,692,キャンディ アイス
R1134,西区,女性,30代,金,2024/02/09,20:55,夜,1186,チョコレート 炭酸飲料 キャンディ ポテトチップス
R1135,西区,女性,50代,金,2024/01/23,12:22,昼,563,ポテトチップス 牛乳
R1136,西区,女性,50代,土,2024/01/05,14:11,昼,1235,アイス ガム ポテトチップス
R1137,西区,男性,60代以上,水,2024/10/28,13:34,昼,813,チョコレート 炭酸飲料 アイス
R1138,西区,男性,40代,水,2024/11/01,19:38,夜,584,炭酸飲料 アイス ガム チョコレート
R1139,西区,男性,60代以上,日,2024/02/23,19:00,夜,193,炭酸飲料
R1140,西区,女性,10代,月,2024/12/28,13:16,昼,617,シャンプー 洗剤 歯ブラシ
R1141,西区,女性,50代,金,2024/03/19,12:52,昼,1322,チョコレート キャンディ ポテトチップス 炭酸飲料
R1142,西区,女性,20代,金,2024/11/05,10:38,朝,1125,アイス ガム キャンディ チョコレート
R1143,西区,男性,20代,月,2024/07/19,13:48,昼,1596,おにぎり 卵 パン 牛乳
R1144,西区,男性,30代,水,2024/12/06,18:34,夜,476,お茶 ジュース サンドイッチ
R1145,西区,男性,40代,金,2024/12/11,20:02,夜,345,サンドイッチ
R1146,西区,男性,10代,金,2024/08/08,16:23,昼,688,ティッシュ 歯ブラシ 洗剤
R1147,西区,男性,50代,水,2024/11/08,14:06,昼,315,キャンディ 卵
R1148,西区,女性,40代,火,2024/02/07,16:14,昼,1567,ポテトチップス ガム チョコレート アイス
R1149,西区,女性,40代,火,2024/03/18,21:15,夜,679,ジュース ポテトチップス
R1150,西区,男性,60代以上,火,2024/10/04,16:17,昼,668,アイス 炭酸飲料 チョコレート ポテトチップス
R1151,西区,女性,20代,金,2024/06/29,07:37,朝,247,ポテトチップス
R1152,西区,女性,20代,月,2024/04/25,13:08,昼,1554,炭酸飲料 チョコレート ポテトチップス キャンディ 卵
R1153,西区,男性,50代,日,2024/09/24,12:38,昼,1278,ガム チョコレート キャンディ 炭酸飲料
R1154,西区,女性,40代,土,2024/02/29,09:34,朝,426,ヨーグルト 栄養ドリンク 野菜ジュース
R1155,西区,女性,30代,水,2024/10/19,19:24,夜,706,ジュース サンドイッチ お茶
R1156,西区,女性,20代,土,2024/01/03,18:14,夜,651,サンドイッチ ジュース
R1157,西区,女性,10代,月,2024/05/01,11:57,昼,764,ポテトチップス キャンディ 炭酸飲料 アイス
R1158,西区,女性,50代,水,2024/01/14,15:29,昼,231,キャンディ
R1159,西区,女性,60代以上,火,2024/05/09,10:00,朝,584,シャンプー 洗剤
R1160,西区,女性,40代,水,2024/07/27,17:44,夜,863,ガム ポテトチップス サラダ
R1161,西区,男性,10代,日,2024/11/05,11:58,昼,202,ガム
R1162,西区,女性,20代,金,2024/08/10,09:57,朝,539,肉まん 弁当
R1163,西区,男性,40代,水,2024/06/28,13:24,昼,1439,炭酸飲料 チョコレート キャンディ アイス
R1164,西区,男性,10代,土,2024/06/26,20:45,夜,489,炭酸飲料 ポテトチップス
R1165,西区,女性,30代,土,2024/07/01,19:54,夜,296,ガム
R1166,西区,女性,20代,日,2024/04/07,07:31,朝,735,アイス チョコレート ポテトチップス キャンディ
R1167,西区,女性,10代,金,2024/03/30,18:11,夜,701,弁当 肉まん カップ麺
R1168,西区,男性,20代,金,2024/07/21,09:43,朝,488,ポテトチップス アイス
R1169,西区,女性,40代,火,2024/01/17,16:03,昼,1331,パン 牛乳 おにぎり 卵
R1170,西区,男性,20代,土,2024/10/03,14:20,昼,147,アイス
R1171,西区,女性,30代,日,2024/12/24,11:39,昼,387,牛乳
R1172,西区,女性,30代,月,2024/12/20,13:32,昼,425,パン おにぎり
R1173,西区,女性,50代,金,2024/12/25,09:09,朝,938,アイス キャンディ 炭酸飲料 ポテトチップス
R1174,西区,男性,30代,日,2024/02/13,15:13,昼,959,サンドイッチ コーヒー ジュース お茶
R1175,西区,女性,20代,火,2024/09/27,13:08,昼,770,ガム アイス ポテトチップス
R1176,西区,女性,20代,火,2024/10/24,11:13,昼,575,卵 パン チョコレート
R1177,西区,男性,40代,水,2024/11/23,20:24,夜,763,チョコレート ポテトチップス キャンディ
R1178,西区,女性,30代,月,2024/05/31,17:43,夜,1054,フルーツ ヨーグルト 野菜ジュース 栄養ドリンク ガム
R1179,西区,男性,50代,木,2024/03/28,17:16,夜,770,アイス ガム チョコレート 炭酸飲料
R1180,西区,男性,30代,水,2024/09/18,20:17,夜,1087,お茶 サンドイッチ ジュース
R1181,西区,男性,60代以上,水,2024/02/01,22:17,夜,659,歯ブラシ 洗剤 トイレットペーパー ティッシュ
R1182,西区,女性,40代,木,2024/11/17,07:05,朝,993,アイス ポテトチップス チョコレート キャンディ
R1183,西区,男性,30代,日,2024/03/25,09:35,朝,1209,トイレットペーパー 洗剤 歯ブラシ
R1184,西区,男性,20代,金,2024/06/25,10:54,朝,414,ティッシュ
R1185,西区,男性,60代以上,土,2024/06/11,14:13,昼,963,コーヒー ジュース お茶 サンドイッチ
R1186,西区,男性,40代,水,2024/07/11,20:18,夜,579,チョコレート キャンディ
R1187,西区,女性,20代,火,2024/08/10,11:38,昼,349,炭酸飲料 トイレットペーパー
R1188,西区,男性,20代,水,2024/02/11,13:02,昼,1197,炭酸飲料 ガム キャンディ アイス
R1189,西区,男性,40代,月,2024/04/05,12:00,昼,1084,カップ麺 缶コーヒー 弁当 肉まん
R1190,西区,女性,20代,火,2024/11/21,16:30,昼,550,カップ麺 缶コーヒー アイス
R1191,西区,男性,60代以上,月,2024/01/09,18:22,夜,1197,炭酸飲料 ポテトチップス キャンディ ガム
R1192,西区,女性,10代,月,2024/02/24,22:07,夜,1029,缶コーヒー 肉まん 卵
R1193,西区,女性,30代,日,2024/07/16,13:28,昼,835,アイス 炭酸飲料 ジュース
R1194,西区,男性,10代,火,2024/10/13,14:07,昼,754,お茶 コーヒー
R1195,西区,女性,60代以上,火,2024/09/12,09:48,朝,696,ガム ポテトチップス アイス
R1196,西区,女性,10代,日,2024/02/26,12:56,昼,788,おにぎり パン 卵 洗剤
R1197,西区,女性,60代以上,木,2024/05/14,16:31,昼,533,キャンディ チョコレート
R1198,西区,男性,60代以上,土,2024/01/28,16:12,昼,806,アイス 野菜ジュース
R1199,西区,男性,10代,金,2024/10/24,19:45,夜,348,お茶
R1200,西区,男性,40代,日,2024/08/15,12:46,昼,705,シャンプー ティッシュ 歯ブラシ
